,Unnamed: 0,term,weight
0,152,lila,0.0354680932607643
1,271,camping,0.0130537302597705
2,274,cal,0.0121509802754686
3,177,hopped,0.0101337409316469
4,41,tarp,0.008702486839847
5,276,cabin,0.0075923199178858
6,39,tent,0.0070020122283054
7,281,bread,0.0062157397233962
8,164,islands,0.0062157397233962
9,163,katahdin,0.0060754901377343
10,250,crumb,0.0060754901377343
11,172,hunch,0.0060754901377343
12,170,hustling,0.0060754901377343
13,249,crumbs,0.0060754901377343
14,290,beg,0.0060754901377343
15,102,rationed,0.0060754901377343
16,269,campsites,0.0060754901377343
17,57,stingray,0.0060754901377343
18,248,cuddling,0.0060754901377343
19,131,ncal,0.0060754901377343
20,66,snuggled,0.0060754901377343
21,89,rods,0.0060754901377343
22,86,sampled,0.0060754901377343
23,205,footies,0.0060754901377343
24,130,ncarlene,0.0060754901377343
25,179,hikes,0.0060754901377343
26,267,carlene,0.0060754901377343
27,223,embarassed,0.0060754901377343
28,228,edgers,0.0060754901377343
29,136,misidentified,0.0060754901377343
30,318,adirondacks,0.0060754901377343
31,272,camp,0.0053164678461062
32,277,bumpkin,0.0050668704658234
33,61,squealing,0.0050668704658234
34,27,tormented,0.0050668704658234
35,28,tomb,0.0050668704658234
36,166,irwin,0.0050668704658234
37,85,sauntered,0.0050668704658234
38,192,grumble,0.0050668704658234
39,288,begrudgingly,0.0050668704658234
40,44,swamped,0.0050668704658234
41,108,pristine,0.0050668704658234
42,124,nylon,0.0050668704658234
43,187,hating,0.0050668704658234
44,38,tenth,0.0050668704658234
45,37,tents,0.0050668704658234
46,191,guppy,0.0050668704658234
47,268,cancel,0.0050668704658234
48,235,dock,0.0046680081522036
49,212,ferry,0.0046680081522036
50,275,cakes,0.0043512434199235
51,182,hemingway,0.0043512434199235
52,155,lightning,0.0043512434199235
53,311,alternate,0.0043512434199235
54,45,swam,0.0043512434199235
55,110,portable,0.0043512434199235
56,180,hiked,0.0043512434199235
57,263,cheat,0.0043512434199235
58,168,inexpensive,0.0043512434199235
59,171,hustled,0.0043512434199235
60,256,correcting,0.0043512434199235
61,296,bag,0.0042577974512508
62,71,skate,0.0037961599589429
63,196,grape,0.0037961599589429
64,68,sleepy,0.0037961599589429
65,53,stove,0.0037961599589429
66,83,secrets,0.0037961599589429
67,184,hearty,0.0037961599589429
68,99,refuses,0.0037961599589429
69,137,mining,0.0037961599589429
70,32,thunder,0.0037961599589429
71,116,oversized,0.0037961599589429
72,69,sleeping,0.0037047528829394
73,7,weighed,0.0033426237480126
74,208,fisherman,0.0033426237480126
75,88,rubbing,0.0033426237480126
76,246,daddy,0.0033426237480126
77,78,shakes,0.0033426237480126
78,301,assorted,0.0033426237480126
79,80,sensible,0.0033426237480126
80,270,camps,0.0033426237480126
81,219,excellent,0.0032367540604037
82,189,harbor,0.0030077698693824
83,239,devices,0.0029591643454573
84,298,awake,0.0029591643454573
85,252,crashes,0.0029591643454573
86,115,panic,0.0029591643454573
87,236,dna,0.0029591643454573
88,16,urge,0.0029591643454573
89,174,hull,0.0029591643454573
90,195,grassy,0.0029591643454573
91,93,renting,0.0028385316341672
92,258,companion,0.0026269967021127
93,316,adventure,0.0026269967021127
94,146,magnet,0.0026269967021127
95,232,eager,0.0024698352552929
96,64,sooner,0.0023340040761018
97,253,crashed,0.0023340040761018
98,226,electronic,0.0023340040761018
99,55,storm,0.0023340040761018
100,176,horrific,0.0023340040761018
101,81,semi,0.0023340040761018
102,209,fish,0.0021265871384424
103,317,admit,0.002071913241132
104,309,animal,0.002071913241132
105,303,asleep,0.002071913241132
106,35,terrible,0.002071913241132
107,278,buddies,0.002071913241132
108,227,editor,0.002071913241132
109,282,brain,0.002071913241132
110,58,sticks,0.002071913241132
111,23,trips,0.0018348232416188
112,117,overnight,0.0018348232416188
113,234,dogs,0.0018348232416188
114,202,gear,0.0018348232416188
115,96,religious,0.0018348232416188
116,185,heading,0.0018054999686038
117,103,raise,0.0018054999686038
118,302,assembled,0.0016183770302018
119,141,metal,0.0016183770302018
120,17,unfortunately,0.0016183770302018
121,114,papers,0.0016183770302018
122,145,maine,0.0016183770302018
123,134,mount,0.0014192658170836
124,91,reserve,0.0014192658170836
125,98,relative,0.0014192658170836
126,143,materials,0.0014192658170836
127,51,stuffed,0.0014192658170836
128,292,becomes,0.0014192658170836
129,173,humor,0.0014192658170836
130,240,developed,0.0012349176276464
131,320,abandoned,0.0012349176276464
132,95,remaining,0.0012349176276464
133,48,suit,0.0012349176276464
134,9,weather,0.0012349176276464
135,56,stories,0.0012349176276464
136,84,searching,0.0012349176276464
137,104,rain,0.0012349176276464
138,217,extra,0.0012349176276464
139,14,various,0.0012349176276464
140,307,argued,0.0012349176276464
141,221,escape,0.0012349176276464
142,162,kid,0.001219514716582
143,73,site,0.001219514716582
144,229,eating,0.0010632935692212
145,294,beach,0.0010632935692212
146,70,sky,0.0010632935692212
147,204,fort,0.0010632935692212
148,50,suburbs,0.0010632935692212
149,237,discovered,0.0010632935692212
150,153,liked,0.0010632935692212
151,284,books,0.0010632935692212
152,264,cellphone,0.0010632935692212
153,188,harder,0.0010632935692212
154,315,alive,0.0010632935692212
155,97,relatively,0.0010632935692212
156,147,loves,0.0010632935692212
157,165,island,0.0010429995699638
158,186,headed,0.0009505235659836
159,279,brown,0.0009505235659836
160,24,tried,0.0009505235659836
161,238,die,0.0009505235659836
162,286,bit,0.0009505235659836
163,12,water,0.0009505235659836
164,126,nobody,0.0009027499843019
165,59,steve,0.0009027499843019
166,76,sharing,0.0009027499843019
167,199,glad,0.0009027499843019
168,139,mile,0.0009027499843019
169,4,worried,0.0009027499843019
170,266,carry,0.0009027499843019
171,207,follow,0.0009027499843019
172,300,attack,0.0009027499843019
173,26,tradition,0.0009027499843019
174,25,trial,0.0009027499843019
175,10,wearing,0.0009027499843019
176,214,fast,0.0007519424673456
177,257,consider,0.0007519424673456
178,297,baby,0.0007519424673456
179,36,term,0.0007519424673456
180,40,teaching,0.0007519424673456
181,167,interest,0.0007519424673456
182,285,book,0.0007519424673456
183,106,pushing,0.0007519424673456
184,112,path,0.0007519424673456
185,52,struggled,0.0007519424673456
186,218,experience,0.0006953330466425
187,101,read,0.0006953330466425
188,265,caught,0.0006953330466425
189,193,ground,0.000609757358291
190,105,putting,0.000609757358291
191,230,easy,0.000609757358291
192,109,position,0.000609757358291
193,13,walking,0.000609757358291
194,18,ultimately,0.000609757358291
195,30,tiny,0.000609757358291
196,72,sites,0.000609757358291
197,157,lead,0.000609757358291
198,82,seems,0.000609757358291
199,74,sister,0.000609757358291
200,261,cold,0.000609757358291
201,133,moving,0.000609757358291
202,245,daughter,0.000609757358291
203,242,decided,0.000609757358291
204,213,favorite,0.000609757358291
205,255,couple,0.0004752617829918
206,291,beer,0.0004752617829918
207,295,bay,0.0004752617829918
208,247,dad,0.0004752617829918
209,304,ask,0.0004752617829918
210,319,added,0.0004752617829918
211,0,yes,0.0004752617829918
212,107,private,0.0004752617829918
213,206,food,0.0004752617829918
214,175,hot,0.0004752617829918
215,178,holding,0.0004752617829918
216,113,parents,0.0004752617829918
217,200,getting,0.0004752617829918
218,8,weeks,0.0004752617829918
219,138,miles,0.0004752617829918
220,254,course,0.0004525959114712
221,46,sure,0.0004525959114712
222,135,mother,0.0004525959114712
223,140,middle,0.0004525959114712
224,34,thing,0.0004525959114712
225,60,started,0.0003476665233212
226,169,important,0.0003476665233212
227,287,believe,0.0003476665233212
228,54,story,0.0003476665233212
229,62,spot,0.0003476665233212
230,241,despite,0.0003476665233212
231,142,means,0.0003476665233212
232,90,return,0.0003476665233212
233,49,success,0.0003476665233212
234,120,onto,0.0003476665233212
235,251,create,0.0003476665233212
236,280,brought,0.0003476665233212
237,21,turn,0.0003476665233212
238,314,along,0.0003476665233212
239,111,point,0.0003476665233212
240,6,wife,0.0003476665233212
241,216,fact,0.0003476665233212
242,119,open,0.0003476665233212
243,77,share,0.0003476665233212
244,132,much,0.0003317295714241
245,210,first,0.0003317295714241
246,15,us,0.0003317295714241
247,197,got,0.0003317295714241
248,198,going,0.0003317295714241
249,201,get,0.0003317295714241
250,215,family,0.0003317295714241
251,75,single,0.0002262979557356
252,67,small,0.0002262979557356
253,92,report,0.0002262979557356
254,63,space,0.0002262979557356
255,262,class,0.0002262979557356
256,293,became,0.0002262979557356
257,42,taken,0.0002262979557356
258,299,available,0.0002262979557356
259,313,already,0.0002262979557356
260,94,remember,0.0002262979557356
261,289,began,0.0002262979557356
262,211,find,0.0002262979557356
263,194,grew,0.0002262979557356
264,224,else,0.0002262979557356
265,148,loved,0.0002262979557356
266,159,late,0.0002262979557356
267,183,help,0.0002262979557356
268,190,half,0.0002262979557356
269,243,days,0.0002262979557356
270,203,future,0.0002262979557356
271,260,college,0.0002262979557356
272,220,even,0.000221153047616
273,244,day,0.000221153047616
274,161,kids,0.000221153047616
275,3,would,0.000221153047616
276,2,year,0.000221153047616
277,151,little,0.000221153047616
278,283,boston,0.000221153047616
279,47,summer,0.000221153047616
280,160,know,0.000221153047616
281,129,need,0.000221153047616
282,121,one,0.000221153047616
283,100,really,0.000221153047616
284,11,way,0.000110576523808
285,20,twelve,0.000110576523808
286,305,arrived,0.000110576523808
287,306,around,0.000110576523808
288,19,two,0.000110576523808
289,308,annual,0.000110576523808
290,225,eleven,0.000110576523808
291,310,always,0.000110576523808
292,150,long,0.000110576523808
293,22,trying,0.000110576523808
294,312,also,0.000110576523808
295,127,new,0.000110576523808
296,222,enough,0.000110576523808
297,259,come,0.000110576523808
298,118,outside,0.000110576523808
299,5,work,0.000110576523808
300,125,nthe,0.000110576523808
301,128,never,0.000110576523808
302,29,together,0.000110576523808
303,149,look,0.000110576523808
304,31,time,0.000110576523808
305,79,service,0.000110576523808
306,65,something,0.000110576523808
307,87,run,0.000110576523808
308,154,like,0.000110576523808
309,156,life,0.000110576523808
310,158,later,0.000110576523808
311,144,man,0.000110576523808
312,1,years,0.000110576523808
313,122,older,0.000110576523808
314,233,dorchester,0.000110576523808
315,231,early,0.000110576523808
316,43,take,0.000110576523808
317,181,high,0.000110576523808
318,273,called,0.000110576523808
319,33,think,0.000110576523808
320,123,old,0.000110576523808
321,274,hull,0.0201057568084951
322,85,snowman,0.0126987651325501
323,239,lighthouse,0.0117283581382888
324,195,naumkeag,0.0091359614789371
325,265,island,0.0072400098491644
326,405,blaney,0.0060906409859581
327,161,pemberton,0.0060906409859581
328,373,colbert,0.0060906409859581
329,64,sundays,0.0059330876153308
330,216,maritime,0.00507950605302
331,210,mcmahon,0.0050264392021237
332,120,salem,0.004796753283594
333,402,boat,0.0043329902795476
334,375,coast,0.004072505540155
335,396,brewster,0.0038056266920076
336,82,sped,0.0038056266920076
337,15,wednesdays,0.0033509594680825
338,119,sally,0.0033509594680825
339,257,kickstarter,0.003045320492979
340,238,lightkeeper,0.003045320492979
341,282,hillery,0.003045320492979
342,288,harbors,0.003045320492979
343,273,hullonians,0.003045320492979
344,225,maccurtain,0.003045320492979
345,305,ginny,0.003045320492979
346,193,navigational,0.003045320492979
347,184,nkeeper,0.003045320492979
348,180,nsigns,0.003045320492979
349,172,olivetti,0.003045320492979
350,107,sentinels,0.003045320492979
351,291,guckenburg,0.003045320492979
352,86,smerling,0.003045320492979
353,346,docks,0.003045320492979
354,445,300th,0.003045320492979
355,444,70th,0.003045320492979
356,356,deckhand,0.003045320492979
357,401,boater,0.003045320492979
358,342,dukor,0.003045320492979
359,392,calico,0.003045320492979
360,45,tower,0.0028456102666713
361,47,tours,0.0028456102666713
362,284,heritage,0.0027590982910128
363,264,islands,0.002633547816083
364,382,choppy,0.00253975302651
365,362,courier,0.00253975302651
366,179,nsoon,0.00253975302651
367,177,nvisitors,0.00253975302651
368,400,bonnet,0.00253975302651
369,314,flapped,0.00253975302651
370,135,restorations,0.00253975302651
371,374,cobble,0.00253975302651
372,117,schmidt,0.00253975302651
373,112,seaside,0.00253975302651
374,93,shrubbery,0.00253975302651
375,316,fishermen,0.00253975302651
376,185,nits,0.00253975302651
377,329,essex,0.0024336193247175
378,446,18th,0.0023398245351444
379,258,keeper,0.0023398245351444
380,134,retreats,0.0021810472005102
381,347,docking,0.0021810472005102
382,331,entrances,0.0021810472005102
383,113,seas,0.0021810472005102
384,217,mariners,0.0021810472005102
385,363,cottages,0.0021810472005102
386,221,makeover,0.0021810472005102
387,219,mansions,0.0021810472005102
388,377,climbing,0.00207708010707
389,340,dylan,0.0019028133460038
390,381,chuckled,0.0019028133460038
391,312,fog,0.0019028133460038
392,253,lamp,0.0019028133460038
393,254,ladders,0.0019028133460038
394,30,valid,0.0019028133460038
395,121,sail,0.0019028133460038
396,41,transfer,0.0018393988606752
397,323,famed,0.0016754797340412
398,388,cannon,0.0016754797340412
399,114,seal,0.0016754797340412
400,425,annie,0.0016754797340412
401,387,celebrations,0.0016754797340412
402,132,ridden,0.0016754797340412
403,250,lands,0.0016754797340412
404,313,flashes,0.0016754797340412
405,0,zipped,0.0016754797340412
406,81,spikes,0.0016754797340412
407,133,returns,0.001622412883145
408,345,dress,0.001622412883145
409,440,acquired,0.001622412883145
410,22,visitors,0.0015076352711867
411,167,pamela,0.0014832719038327
412,79,staffed,0.0014832719038327
413,70,storied,0.0014832719038327
414,413,await,0.0014832719038327
415,343,driscoll,0.0014832719038327
416,409,beam,0.0014832719038327
417,348,dock,0.0014832719038327
418,27,vigorously,0.0014832719038327
419,96,ships,0.0014832719038327
420,75,steeped,0.0014832719038327
421,269,imagination,0.0014832719038327
422,203,mold,0.0014832719038327
423,147,purchased,0.0014228051333356
424,58,tall,0.0013575018467183
425,358,danvers,0.0013167739080415
426,40,tricky,0.0013167739080415
427,398,boundaries,0.0013167739080415
428,270,id,0.0013167739080415
429,423,anticipation,0.0013167739080415
430,214,marking,0.0013167739080415
431,419,artifacts,0.0013167739080415
432,432,aids,0.0013167739080415
433,422,apron,0.0013167739080415
434,299,gorgeous,0.0013167739080415
435,287,harris,0.0011699122675722
436,198,nancy,0.0011699122675722
437,143,rebecca,0.0011699122675722
438,220,manchester,0.0011699122675722
439,209,melrose,0.0011699122675722
440,371,colony,0.0011699122675722
441,129,rises,0.0011699122675722
442,433,ages,0.001065945174132
443,139,reopened,0.001038540053535
444,386,centuries,0.001038540053535
445,16,wears,0.001038540053535
446,194,navigating,0.001038540053535
447,97,shining,0.001038540053535
448,83,sparkling,0.001038540053535
449,108,seniors,0.001038540053535
450,426,amy,0.001038540053535
451,90,six,0.0010208803040542
452,412,baker,0.0010208803040542
453,240,light,0.0009976704816396
454,404,blown,0.0009196994303376
455,380,civilian,0.0009196994303376
456,154,print,0.0009196994303376
457,33,uniform,0.0009196994303376
458,251,landing,0.0009196994303376
459,91,signal,0.0009196994303376
460,99,shares,0.0009196994303376
461,141,recounted,0.0009196994303376
462,67,structures,0.0009196994303376
463,78,stairs,0.0009196994303376
464,324,exterior,0.0009196994303376
465,55,thirty,0.0009074491591593
466,439,acre,0.0009050012311455
467,122,said,0.0008868182059019
468,292,guard,0.0008713338053314
469,34,underwent,0.0008112064415725
470,354,departure,0.0008112064415725
471,61,swampscott,0.0008112064415725
472,376,closest,0.0008112064415725
473,14,weekends,0.0008112064415725
474,441,accomplished,0.0008112064415725
475,364,corners,0.0008112064415725
476,365,completion,0.0008112064415725
477,421,architecture,0.0008112064415725
478,277,homeowners,0.0008112064415725
479,111,seconds,0.0008112064415725
480,101,seventy,0.0007940180142644
481,76,station,0.0007940180142644
482,88,sixty,0.0007940180142644
483,52,tickets,0.0007538176355933
484,415,aug,0.0007538176355933
485,442,access,0.0007146704617058
486,162,passengers,0.0007114025666678
487,13,welcoming,0.0007114025666678
488,12,weymouth,0.0007114025666678
489,395,british,0.0007114025666678
490,294,greg,0.0007114025666678
491,390,calm,0.0007114025666678
492,68,structure,0.0007114025666678
493,262,jerry,0.0007114025666678
494,43,town,0.0006805868693695
495,182,noon,0.0006189986113639
496,407,beverly,0.0006189986113639
497,98,shell,0.0006189986113639
498,26,visible,0.0006189986113639
499,355,deemed,0.0006189986113639
500,44,towers,0.0006189986113639
501,263,jackson,0.0006189986113639
502,344,dressed,0.0006189986113639
503,332,enjoyed,0.0006189986113639
504,152,privately,0.0006189986113639
505,278,holds,0.0006189986113639
506,255,labor,0.0006112779502069
507,435,adults,0.0006112779502069
508,48,tour,0.0006112779502069
509,393,built,0.0005671557244746
510,103,seven,0.0005542613786887
511,341,duty,0.000532972587066
512,237,lights,0.000532972587066
513,325,explore,0.000532972587066
514,301,gold,0.000532972587066
515,23,visiting,0.000532972587066
516,18,wealth,0.000532972587066
517,60,sweeping,0.000532972587066
518,155,pointing,0.000532972587066
519,124,ryan,0.000532972587066
520,140,removed,0.000532972587066
521,173,oldest,0.000532972587066
522,149,providence,0.000532972587066
523,378,climb,0.000532972587066
524,311,foot,0.0005228002831988
525,289,harbor,0.0004764469744705
526,74,steps,0.0004764469744705
527,106,sept,0.0004537245795796
528,310,forty,0.0004537245795796
529,353,deputy,0.0004525006155727
530,438,acres,0.0004525006155727
531,275,houses,0.0004525006155727
532,115,sea,0.0004525006155727
533,175,offering,0.0004525006155727
534,42,trade,0.0004525006155727
535,369,columbia,0.0004525006155727
536,136,respect,0.0004525006155727
537,199,museum,0.0004525006155727
538,249,landscape,0.0004525006155727
539,350,directly,0.0003769088177966
540,38,trips,0.0003769088177966
541,7,wind,0.0003769088177966
542,24,visited,0.0003769088177966
543,235,liked,0.0003769088177966
544,156,pointed,0.0003769088177966
545,145,rare,0.0003769088177966
546,424,anniversary,0.0003769088177966
547,351,direct,0.0003769088177966
548,128,rock,0.0003769088177966
549,379,clearly,0.0003769088177966
550,397,braintree,0.0003769088177966
551,95,shore,0.0003769088177966
552,89,sixteen,0.0003485335221325
553,187,nineteen,0.0003485335221325
554,244,leaves,0.0003485335221325
555,321,fifteen,0.0003485335221325
556,207,miles,0.0003402934346847
557,245,leave,0.0003402934346847
558,252,land,0.0003402934346847
559,320,fifty,0.0003402934346847
560,196,national,0.0003402934346847
561,37,twelve,0.0003402934346847
562,417,asked,0.0003402934346847
563,200,much,0.0003402934346847
564,126,run,0.0003402934346847
565,118,saw,0.0003402934346847
566,144,reach,0.0003056389751034
567,333,employee,0.0003056389751034
568,17,wearing,0.0003056389751034
569,300,golden,0.0003056389751034
570,327,excited,0.0003056389751034
571,414,august,0.0003056389751034
572,208,mile,0.0003056389751034
573,361,covered,0.0003056389751034
574,408,beautiful,0.0003056389751034
575,389,campaign,0.0003056389751034
576,57,ten,0.0002771306893443
577,109,seen,0.0002382234872352
578,29,view,0.0002382234872352
579,280,historic,0.0002382234872352
580,296,grand,0.0002382234872352
581,281,hired,0.0002382234872352
582,318,finally,0.0002382234872352
583,105,september,0.0002382234872352
584,297,government,0.0002382234872352
585,285,helps,0.0002382234872352
586,266,interested,0.0002382234872352
587,72,stone,0.0002382234872352
588,410,beach,0.0002382234872352
589,28,views,0.0002382234872352
590,416,attended,0.0002382234872352
591,213,mary,0.0002382234872352
592,197,nation,0.0002382234872352
593,176,october,0.0002382234872352
594,243,leaving,0.0002382234872352
595,261,jim,0.0002382234872352
596,411,base,0.0002382234872352
597,19,water,0.0002268622897898
598,205,minutes,0.0002268622897898
599,360,crowd,0.0002268622897898
600,165,park,0.0002268622897898
601,234,little,0.0002268622897898
602,153,private,0.0002268622897898
603,25,visit,0.0002268622897898
604,110,see,0.0002268622897898
605,431,along,0.0002268622897898
606,336,eighty,0.0002268622897898
607,3,years,0.0002217045514754
608,65,summer,0.0002217045514754
609,49,top,0.0002217045514754
610,366,communities,0.0001742667610662
611,370,color,0.0001742667610662
612,304,gives,0.0001742667610662
613,21,walk,0.0001742667610662
614,334,eleven,0.0001742667610662
615,384,ceremony,0.0001742667610662
616,319,filled,0.0001742667610662
617,339,easy,0.0001742667610662
618,359,cut,0.0001742667610662
619,6,woman,0.0001742667610662
620,337,eighteen,0.0001742667610662
621,223,major,0.0001742667610662
622,168,owned,0.0001742667610662
623,77,stand,0.0001742667610662
624,163,passed,0.0001742667610662
625,271,husband,0.0001742667610662
626,268,increase,0.0001742667610662
627,267,inside,0.0001742667610662
628,158,plus,0.0001742667610662
629,123,safe,0.0001742667610662
630,215,mark,0.0001742667610662
631,259,june,0.0001742667610662
632,151,professor,0.0001742667610662
633,50,today,0.0001742667610662
634,150,property,0.0001742667610662
635,248,largely,0.0001742667610662
636,174,official,0.0001742667610662
637,226,loved,0.0001742667610662
638,131,ride,0.0001742667610662
639,276,hours,0.0001742667610662
640,71,stood,0.0001742667610662
641,169,original,0.0001742667610662
642,80,st,0.0001742667610662
643,94,shot,0.0001742667610662
644,204,mission,0.0001742667610662
645,189,nin,0.0001742667610662
646,290,hands,0.0001742667610662
647,183,nonprofit,0.0001742667610662
648,236,like,0.0001662784136066
649,191,new,0.0001662784136066
650,160,people,0.0001662784136066
651,4,year,0.0001662784136066
652,247,last,0.0001662784136066
653,188,nine,0.0001662784136066
654,178,nthe,0.0001662784136066
655,420,around,0.0001662784136066
656,227,lot,0.0001662784136066
657,146,raised,0.0001134311448949
658,138,resident,0.0001134311448949
659,142,recently,0.0001134311448949
660,59,take,0.0001134311448949
661,56,thirteen,0.0001134311448949
662,1,zero,0.0001134311448949
663,302,going,0.0001134311448949
664,367,commission,0.0001134311448949
665,372,college,0.0001134311448949
666,159,per,0.0001134311448949
667,181,north,0.0001134311448949
668,206,million,0.0001134311448949
669,368,comes,0.0001134311448949
670,211,may,0.0001134311448949
671,212,massachusetts,0.0001134311448949
672,246,launched,0.0001134311448949
673,39,trip,0.0001134311448949
674,9,whose,0.0001134311448949
675,443,able,0.0001134311448949
676,92,side,0.0001134311448949
677,307,gave,0.0001134311448949
678,309,found,0.0001134311448949
679,394,build,0.0001134311448949
680,102,seventeen,0.0001134311448949
681,170,open,0.0001134311448949
682,10,whole,0.0001134311448949
683,436,added,0.0001134311448949
684,434,age,0.0001134311448949
685,66,students,0.0001134311448949
686,164,part,0.0001134311448949
687,326,executive,0.0001134311448949
688,428,america,0.0001134311448949
689,330,era,0.0001134311448949
690,46,toward,0.0001134311448949
691,335,either,0.0001134311448949
692,125,running,0.0001134311448949
693,127,room,0.0001134311448949
694,5,world,0.0001134311448949
695,242,led,0.0001134311448949
696,241,left,0.0001134311448949
697,11,white,0.0001134311448949
698,295,great,0.0001134311448949
699,383,children,0.0001108522757377
700,69,street,0.0001108522757377
701,192,never,0.0001108522757377
702,53,three,0.0001108522757377
703,231,lives,0.0001108522757377
704,293,group,0.0001108522757377
705,104,service,0.0001108522757377
706,201,month,0.0001108522757377
707,349,director,0.0001108522757377
708,418,ask,0.0001108522757377
709,137,residents,0.0001108522757377
710,8,wife,5.542613786887007e-05
711,130,right,5.542613786887007e-05
712,403,blue,5.542613786887007e-05
713,429,always,5.542613786887007e-05
714,116,school,5.542613786887007e-05
715,437,across,5.542613786887007e-05
716,100,several,5.542613786887007e-05
717,2,yet,5.542613786887007e-05
718,406,big,5.542613786887007e-05
719,298,got,5.542613786887007e-05
720,84,space,5.542613786887007e-05
721,322,federal,5.542613786887007e-05
722,283,high,5.542613786887007e-05
723,328,every,5.542613786887007e-05
724,260,job,5.542613786887007e-05
725,256,know,5.542613786887007e-05
726,51,time,5.542613786887007e-05
727,166,parents,5.542613786887007e-05
728,233,live,5.542613786887007e-05
729,232,lived,5.542613786887007e-05
730,31,used,5.542613786887007e-05
731,228,look,5.542613786887007e-05
732,286,head,5.542613786887007e-05
733,224,main,5.542613786887007e-05
734,190,next,5.542613786887007e-05
735,20,want,5.542613786887007e-05
736,391,called,5.542613786887007e-05
737,303,go,5.542613786887007e-05
738,63,support,5.542613786887007e-05
739,62,sure,5.542613786887007e-05
740,202,money,5.542613786887007e-05
741,279,history,5.542613786887007e-05
742,306,get,5.542613786887007e-05
743,218,many,5.542613786887007e-05
744,222,make,5.542613786887007e-05
745,315,five,0.0
746,36,twenty,0.0
747,35,two,0.0
748,32,us,0.0
749,87,small,0.0
750,317,first,0.0
751,308,four,0.0
752,399,boston,0.0
753,73,still,0.0
754,430,also,0.0
755,272,hundred,0.0
756,427,among,0.0
757,230,local,0.0
758,229,long,0.0
759,352,different,0.0
760,54,thousand,0.0
761,357,day,0.0
762,148,public,0.0
763,157,point,0.0
764,186,ninety,0.0
765,385,century,0.0
766,171,one,0.0
767,338,eight,0.0
768,297,ferry,0.0166803491305409
769,211,marina,0.0135649449199559
770,77,squantum,0.01295703596155
771,382,artery,0.0072365838085013
772,82,sottile,0.0072365838085013
773,90,sisk,0.0072365838085013
774,42,u2003,0.00518281438462
775,158,passive,0.00518281438462
776,22,walkers,0.0045216483066519
777,26,visitors,0.0044127723227901
778,269,harris,0.0038553337252808
779,129,quimby,0.0036182919042506
780,181,npatricia,0.0036182919042506
781,176,nwalter,0.0036182919042506
782,333,davidoff,0.0036182919042506
783,404,abbate,0.0036182919042506
784,38,unimproved,0.0036182919042506
785,41,u2007friends,0.0036182919042506
786,182,npat,0.0036182919042506
787,106,schuler,0.0036182919042506
788,378,aviatrix,0.0036182919042506
789,64,taft,0.0036182919042506
790,392,airfields,0.0036182919042506
791,179,nsally,0.0036182919042506
792,184,nlighthouses,0.0036182919042506
793,191,ngrete,0.0036182919042506
794,265,heffernan,0.0036182919042506
795,185,nlenny,0.0036182919042506
796,391,alberts,0.0036182919042506
797,186,nkeeper,0.0036182919042506
798,198,naval,0.003524693531478
799,298,fee,0.0033810065686969
800,123,recreation,0.003166251961681
801,329,delightful,0.0030176028552015
802,393,airfield,0.0030176028552015
803,180,npeter,0.0030176028552015
804,113,rowes,0.0030176028552015
805,244,improvements,0.0029418482151934
806,85,snowman,0.00259140719231
807,39,underused,0.00259140719231
808,365,canoe,0.00259140719231
809,336,cruises,0.00259140719231
810,225,lighthouses,0.00259140719231
811,236,kitty,0.00259140719231
812,348,congregate,0.00259140719231
813,128,quincy,0.0025420106758976
814,9,wharf,0.0024678788827706
815,157,pathways,0.0022608241533259
816,79,spectacle,0.0022608241533259
817,150,pier,0.0022608241533259
818,95,shoreline,0.0022608241533259
819,201,nashua,0.0022608241533259
820,144,plunged,0.0022608241533259
821,385,apron,0.0022608241533259
822,213,manned,0.0022608241533259
823,130,purely,0.0022608241533259
824,189,nicer,0.0022608241533259
825,330,decry,0.0022608241533259
826,51,tract,0.0022608241533259
827,380,attract,0.0021854783500171
828,305,entice,0.0019907181432608
829,240,initiated,0.0019907181432608
830,232,lap,0.0019907181432608
831,366,budgeted,0.0019907181432608
832,75,staging,0.0019907181432608
833,307,enamored,0.0019907181432608
834,337,cruise,0.0019907181432608
835,148,pilots,0.0019907181432608
836,5,winthrop,0.0019276668626404
837,159,passengers,0.0018997511770086
838,345,conservation,0.0018997511770086
839,271,harbor,0.0017912940555433
840,98,shea,0.001762346765739
841,40,undertaken,0.001762346765739
842,250,idyllic,0.001762346765739
843,203,motorists,0.001762346765739
844,165,outdoors,0.001762346765739
845,270,harriet,0.001762346765739
846,403,access,0.001698268771224
847,161,parking,0.001698268771224
848,238,islands,0.0016905032843484
849,376,bay,0.0016564378355574
850,266,healy,0.0015645224803693
851,114,roosevelt,0.0015645224803693
852,156,paved,0.0015645224803693
853,164,outlet,0.0015645224803693
854,369,boasted,0.0015645224803693
855,301,exceptional,0.0015645224803693
856,18,ward,0.0015645224803693
857,140,portsmouth,0.0015645224803693
858,86,skyline,0.0015645224803693
859,257,housed,0.0015645224803693
860,72,stays,0.0015645224803693
861,15,waterfront,0.0014709241075967
862,253,hull,0.0013900290942117
863,308,enabled,0.0013900290942117
864,267,hawk,0.0013900290942117
865,247,imposed,0.0013900290942117
866,246,improved,0.0013900290942117
867,175,occupied,0.0013900290942117
868,27,visitor,0.0013900290942117
869,343,contractor,0.0013900290942117
870,67,sunset,0.0013900290942117
871,352,commander,0.0013900290942117
872,292,fishing,0.0013900290942117
873,209,maximum,0.0013900290942117
874,216,mainly,0.0013900290942117
875,227,licensed,0.0013900290942117
876,162,park,0.001317089261358
877,290,flight,0.0012665007846724
878,371,bike,0.0012665007846724
879,11,weston,0.0012339394413853
880,349,commuters,0.0012339394413853
881,255,howard,0.0012339394413853
882,146,pleasure,0.0012339394413853
883,233,lacking,0.0012339394413853
884,204,mornings,0.0012339394413853
885,194,neponset,0.0012339394413853
886,94,shortage,0.0012339394413853
887,346,connects,0.0010927391750085
888,360,chose,0.0010927391750085
889,10,weymouth,0.0010927391750085
890,36,unknown,0.0010927391750085
891,306,enthusiastic,0.0010927391750085
892,347,connection,0.0010752755368573
893,199,nature,0.0010752755368573
894,311,easier,0.0010752755368573
895,342,contractors,0.0009638334313202
896,278,gary,0.0009638334313202
897,97,ship,0.0009638334313202
898,367,boulevard,0.0009638334313202
899,241,infrastructure,0.0009638334313202
900,320,disaster,0.0009638334313202
901,245,improvement,0.0009638334313202
902,192,nfor,0.0009638334313202
903,370,boarding,0.0009638334313202
904,254,hub,0.0009638334313202
905,7,widely,0.0009638334313202
906,195,neighboring,0.0009638334313202
907,274,grab,0.0009638334313202
908,96,shore,0.0008956470277716
909,368,boston,0.0008561080198827
910,112,runs,0.000849134385612
911,338,created,0.000849134385612
912,118,rides,0.0008452516421742
913,251,ideal,0.0008452516421742
914,84,somewhere,0.0008452516421742
915,111,safer,0.0008452516421742
916,78,sponsored,0.0008452516421742
917,322,dig,0.0008452516421742
918,326,detail,0.0008452516421742
919,373,bicycle,0.0008452516421742
920,387,ann,0.0008452516421742
921,394,air,0.0008282189177787
922,401,acre,0.0007354620537983
923,324,determine,0.0007354620537983
924,168,operated,0.0007354620537983
925,350,commute,0.0007354620537983
926,289,flying,0.0007354620537983
927,117,riding,0.0007354620537983
928,354,comfortable,0.0007354620537983
929,70,straight,0.0007354620537983
930,149,pilot,0.0007354620537983
931,50,trail,0.0007354620537983
932,344,construction,0.0007262887645421
933,334,daily,0.0007262887645421
934,110,said,0.0007243990937469
935,74,state,0.000658544630679
936,142,pointed,0.0006332503923362
937,183,noting,0.0006332503923362
938,315,draw,0.0006332503923362
939,30,vast,0.0006332503923362
940,340,count,0.0006332503923362
941,32,users,0.0006332503923362
942,152,physical,0.0006332503923362
943,48,transportation,0.000621164188334
944,296,field,0.000621164188334
945,33,used,0.000621164188334
946,397,afternoon,0.000621164188334
947,258,hour,0.000621164188334
948,193,new,0.0005926901676111
949,299,expected,0.000566089590408
950,174,offers,0.000566089590408
951,21,walking,0.000566089590408
952,375,became,0.000566089590408
953,319,dog,0.000566089590408
954,328,department,0.0005390920189968
955,205,military,0.0005376377684286
956,259,hoping,0.0005376377684286
957,210,matthew,0.0005376377684286
958,47,truly,0.0005376377684286
959,361,charlestown,0.0005376377684286
960,145,plenty,0.0005376377684286
961,359,citizens,0.0005376377684286
962,287,follows,0.0005376377684286
963,43,typical,0.0005376377684286
964,69,suggested,0.0005376377684286
965,327,deputy,0.0005376377684286
966,121,revenue,0.0005376377684286
967,107,schedule,0.0005376377684286
968,167,option,0.0005376377684286
969,314,drew,0.0005376377684286
970,66,surrounded,0.0005376377684286
971,25,volunteer,0.0005376377684286
972,61,target,0.0005376377684286
973,230,launch,0.0005376377684286
974,223,likes,0.0005376377684286
975,282,franklin,0.0005376377684286
976,101,service,0.0005268357045432
977,171,one,0.0004609812414753
978,279,future,0.0004478235138858
979,80,spaces,0.0004478235138858
980,135,profile,0.0004478235138858
981,249,ii,0.0004478235138858
982,304,environment,0.0004478235138858
983,138,presence,0.0004478235138858
984,37,units,0.0004478235138858
985,139,posted,0.0004478235138858
986,341,councilor,0.0004478235138858
987,49,train,0.0004478235138858
988,303,equipment,0.0004478235138858
989,127,raise,0.0004478235138858
990,288,folks,0.0004478235138858
991,88,situation,0.0004478235138858
992,206,mile,0.0004478235138858
993,29,views,0.0004478235138858
994,104,sees,0.0004478235138858
995,395,agreement,0.0004478235138858
996,221,longer,0.0004141094588893
997,396,agency,0.0004141094588893
998,59,think,0.0004141094588893
999,73,station,0.0004141094588893
1000,124,recently,0.0004141094588893
1001,6,william,0.0004141094588893
1002,166,others,0.0004141094588893
1003,294,find,0.0004141094588893
1004,317,dorchester,0.0004141094588893
1005,256,housing,0.0004141094588893
1006,172,officials,0.0004043190142476
1007,143,point,0.0004043190142476
1008,81,space,0.0004043190142476
1009,89,site,0.0004043190142476
1010,23,walk,0.0004043190142476
1011,226,light,0.0004043190142476
1012,293,first,0.0003951267784074
1013,252,hundred,0.0003951267784074
1014,388,although,0.000363144382271
1015,364,cars,0.000363144382271
1016,335,currently,0.000363144382271
1017,126,rare,0.000363144382271
1018,19,war,0.000363144382271
1019,351,commissioner,0.000363144382271
1020,260,hope,0.000363144382271
1021,24,waiting,0.000363144382271
1022,363,central,0.000363144382271
1023,208,mbta,0.000363144382271
1024,300,existing,0.000363144382271
1025,362,charge,0.000363144382271
1026,120,rich,0.000363144382271
1027,398,advantage,0.000363144382271
1028,217,main,0.000363144382271
1029,356,coast,0.000363144382271
1030,163,owns,0.000363144382271
1031,115,road,0.0003292723153395
1032,302,especially,0.000283044795204
1033,200,natural,0.000283044795204
1034,379,august,0.000283044795204
1035,190,nice,0.000283044795204
1036,102,served,0.000283044795204
1037,281,free,0.000283044795204
1038,93,shot,0.000283044795204
1039,134,program,0.000283044795204
1040,83,soon,0.000283044795204
1041,229,leave,0.000283044795204
1042,173,officer,0.000283044795204
1043,133,project,0.000283044795204
1044,273,greater,0.000283044795204
1045,103,serve,0.000283044795204
1046,321,dinner,0.000283044795204
1047,136,problems,0.000283044795204
1048,28,visit,0.000283044795204
1049,76,staff,0.000283044795204
1050,31,using,0.000283044795204
1051,60,term,0.000283044795204
1052,151,piece,0.000283044795204
1053,316,dozen,0.000283044795204
1054,125,recent,0.0002695460094984
1055,109,save,0.0002695460094984
1056,358,city,0.0002695460094984
1057,160,part,0.0002695460094984
1058,243,includes,0.0002695460094984
1059,122,residents,0.0002695460094984
1060,55,thousand,0.0002634178522716
1061,63,take,0.0002634178522716
1062,53,three,0.0002634178522716
1063,295,fifty,0.0002634178522716
1064,323,development,0.0002070547294446
1065,325,details,0.0002070547294446
1066,313,drive,0.0002070547294446
1067,46,twelve,0.0002070547294446
1068,34,use,0.0002070547294446
1069,153,person,0.0002070547294446
1070,52,times,0.0002070547294446
1071,214,makes,0.0002070547294446
1072,399,addition,0.0002070547294446
1073,154,per,0.0002070547294446
1074,400,actually,0.0002070547294446
1075,132,property,0.0002070547294446
1076,268,harvard,0.0002070547294446
1077,219,love,0.0002070547294446
1078,248,important,0.0002070547294446
1079,357,closed,0.0002070547294446
1080,12,weekend,0.0002070547294446
1081,339,country,0.0002070547294446
1082,116,river,0.0002070547294446
1083,54,thousands,0.0002070547294446
1084,222,local,0.0001975633892037
1085,155,people,0.0001975633892037
1086,137,president,0.0001975633892037
1087,355,come,0.0001975633892037
1088,384,area,0.0001975633892037
1089,212,many,0.0001975633892037
1090,131,public,0.0001975633892037
1091,170,open,0.0001975633892037
1092,1,years,0.0001975633892037
1093,188,nine,0.0001975633892037
1094,374,become,0.0001347730047492
1095,353,coming,0.0001347730047492
1096,402,according,0.0001347730047492
1097,381,asked,0.0001347730047492
1098,372,big,0.0001347730047492
1099,202,must,0.0001347730047492
1100,177,number,0.0001347730047492
1101,275,going,0.0001347730047492
1102,68,summer,0.0001347730047492
1103,234,known,0.0001347730047492
1104,235,know,0.0001347730047492
1105,237,kind,0.0001347730047492
1106,239,island,0.0001347730047492
1107,71,still,0.0001347730047492
1108,56,though,0.0001347730047492
1109,262,history,0.0001347730047492
1110,331,death,0.0001347730047492
1111,91,side,0.0001347730047492
1112,272,half,0.0001347730047492
1113,35,us,0.0001347730047492
1114,62,taking,0.0001347730047492
1115,17,watching,0.0001347730047492
1116,280,friends,0.0001347730047492
1117,16,water,0.0001347730047492
1118,207,might,0.0001347730047492
1119,285,former,0.0001347730047492
1120,286,foot,0.0001347730047492
1121,119,ride,0.0001347730047492
1122,309,employees,0.0001347730047492
1123,141,police,0.0001347730047492
1124,3,worked,0.0001347730047492
1125,2,world,0.0001347730047492
1126,228,less,0.0001347730047492
1127,45,twenty,0.0001317089261358
1128,389,also,0.0001317089261358
1129,390,along,0.0001317089261358
1130,44,two,0.0001317089261358
1131,14,way,0.0001317089261358
1132,13,week,0.0001317089261358
1133,4,work,0.0001317089261358
1134,147,place,0.0001317089261358
1135,332,day,0.0001317089261358
1136,220,lot,0.0001317089261358
1137,276,go,0.0001317089261358
1138,215,make,0.0001317089261358
1139,178,nthe,6.585446306790192e-05
1140,20,want,6.585446306790192e-05
1141,242,including,6.585446306790192e-05
1142,261,home,6.585446306790192e-05
1143,263,high,6.585446306790192e-05
1144,264,help,6.585446306790192e-05
1145,277,give,6.585446306790192e-05
1146,57,thirty,6.585446306790192e-05
1147,283,found,6.585446306790192e-05
1148,284,forty,6.585446306790192e-05
1149,291,five,6.585446306790192e-05
1150,8,whose,6.585446306790192e-05
1151,310,eight,6.585446306790192e-05
1152,312,early,6.585446306790192e-05
1153,318,done,6.585446306790192e-05
1154,231,later,6.585446306790192e-05
1155,386,another,6.585446306790192e-05
1156,58,thirteen,6.585446306790192e-05
1157,99,seventeen,6.585446306790192e-05
1158,187,ninety,6.585446306790192e-05
1159,196,neighborhood,6.585446306790192e-05
1160,197,need,6.585446306790192e-05
1161,108,say,6.585446306790192e-05
1162,105,see,6.585446306790192e-05
1163,100,seven,6.585446306790192e-05
1164,377,back,6.585446306790192e-05
1165,169,opened,6.585446306790192e-05
1166,92,show,6.585446306790192e-05
1167,87,six,6.585446306790192e-05
1168,218,made,6.585446306790192e-05
1169,383,around,6.585446306790192e-05
1170,65,system,6.585446306790192e-05
1171,224,like,6.585446306790192e-05
1172,0,zero,6.585446306790192e-05
1173,858,barrier,0.0070164092627085
1174,84,tides,0.0052734807178279
1175,722,daylor,0.0047424214279013
1176,190,seas,0.0043486561381912
1177,716,deer,0.0034789249105529
1178,625,fermentation,0.0031616142852675
1179,796,cecconi,0.0031616142852675
1180,489,kayaks,0.0031616142852675
1181,212,rotterdam,0.0031616142852675
1182,485,kirshen,0.0031616142852675
1183,344,olmsted,0.0031616142852675
1184,770,coastal,0.0030364713223072
1185,45,venice,0.0029632161232913
1186,857,barriers,0.0027341169559852
1187,373,nget,0.0026367403589139
1188,382,necklace,0.0026091936829147
1189,126,storms,0.0024291770578457
1190,579,gases,0.0022643363816301
1191,129,steamed,0.0022643363816301
1192,194,scientists,0.0021563990237802
1193,29,waters,0.0021054613790975
1194,556,greenhouse,0.0019754774155275
1195,119,submerged,0.0019754774155275
1196,607,flooding,0.0019366395493777
1197,841,billions,0.0018218827933843
1198,651,evenings,0.0018218827933843
1199,632,feasibility,0.0017394624552764
1200,174,shipping,0.0017394624552764
1201,653,evaluate,0.0017394624552764
1202,669,emerald,0.0017394624552764
1203,524,hull,0.0016172992678351
1204,549,harbor,0.0016075845164499
1205,569,glaciers,0.0015808071426337
1206,885,arcadis,0.0015808071426337
1207,581,gardeners,0.0015808071426337
1208,327,paddleboards,0.0015808071426337
1209,411,microbes,0.0015808071426337
1210,200,sauerkraut,0.0015808071426337
1211,211,roughing,0.0015808071426337
1212,833,borgne,0.0015808071426337
1213,482,lagoon,0.0015808071426337
1214,540,herst,0.0015808071426337
1215,202,sapphire,0.0015808071426337
1216,365,noriginally,0.0015808071426337
1217,73,traps,0.0015808071426337
1218,97,terrestrial,0.0015808071426337
1219,699,dikes,0.0015808071426337
1220,96,tetra,0.0015808071426337
1221,362,nsummer,0.0015808071426337
1222,922,acquainted,0.0015808071426337
1223,712,demos,0.0015808071426337
1224,307,petanque,0.0015808071426337
1225,624,fermenters,0.0015808071426337
1226,428,martien,0.0015808071426337
1227,429,marshes,0.0015808071426337
1228,825,brewster,0.0015808071426337
1229,169,sicilians,0.0015808071426337
1230,59,u2009dancers,0.0015808071426337
1231,372,nieuwe,0.0015808071426337
1232,548,harborwide,0.0015808071426337
1233,320,pastis,0.0015808071426337
1234,386,nchow,0.0015808071426337
1235,387,ncatch,0.0015808071426337
1236,27,waterweg,0.0015808071426337
1237,266,pummeled,0.0015808071426337
1238,389,naug,0.0015808071426337
1239,317,peddocks,0.0015808071426337
1240,134,stargazing,0.0015808071426337
1241,679,ecologically,0.0015808071426337
1242,851,beek,0.0015808071426337
1243,643,expensively,0.0015808071426337
1244,448,lovell,0.0015808071426337
1245,1,yurts,0.0015808071426337
1246,609,flimsy,0.0015808071426337
1247,494,joon,0.0015808071426337
1248,447,lovells,0.0015808071426337
1249,846,berms,0.0015808071426337
1250,837,blunting,0.0015808071426337
1251,678,ecology,0.0015808071426337
1252,488,kimchi,0.0015808071426337
1253,358,ntry,0.0015808071426337
1254,731,dam,0.0015808071426337
1255,403,moana,0.0015808071426337
1256,287,practicality,0.0015808071426337
1257,808,campgrounds,0.0015808071426337
1258,465,leviathan,0.0015808071426337
1259,170,shucking,0.0015808071426337
1260,779,clams,0.0015399146496748
1261,663,engineers,0.0014322309575354
1262,665,engineer,0.0014322309575354
1263,193,sea,0.0014278978137843
1264,220,risks,0.0013670584779926
1265,305,picnic,0.0013670584779926
1266,479,landmarks,0.0013670584779926
1267,172,shortages,0.0013183701794569
1268,361,ntake,0.0013183701794569
1269,297,pleasing,0.0013183701794569
1270,769,coasts,0.0013183701794569
1271,385,ncome,0.0013183701794569
1272,735,cresting,0.0013183701794569
1273,768,coit,0.0013183701794569
1274,355,oceanic,0.0013183701794569
1275,804,canoe,0.0013183701794569
1276,545,hatch,0.0013183701794569
1277,805,cannoli,0.0013183701794569
1278,829,brace,0.0013183701794569
1279,806,canals,0.0013183701794569
1280,838,blackmon,0.0013183701794569
1281,399,motivate,0.0013183701794569
1282,225,revivalists,0.0013183701794569
1283,654,estimating,0.0013183701794569
1284,325,paraskevas,0.0013183701794569
1285,195,sciacca,0.0013183701794569
1286,820,buff,0.0013183701794569
1287,831,boulders,0.0013183701794569
1288,926,1900s,0.0013183701794569
1289,155,soccorso,0.0013183701794569
1290,687,drummers,0.0013183701794569
1291,611,flick,0.0013183701794569
1292,504,inundate,0.0013183701794569
1293,102,telegraph,0.0013183701794569
1294,891,anise,0.0013183701794569
1295,889,apostolos,0.0013183701794569
1296,473,leafy,0.0013183701794569
1297,903,almont,0.0013183701794569
1298,868,bacteria,0.0013183701794569
1299,490,kayaking,0.0013183701794569
1300,10,workout,0.0013183701794569
1301,493,juts,0.0013183701794569
1302,502,island,0.0012664512577684
1303,835,bonus,0.0012145885289228
1304,580,gardens,0.0012145885289228
1305,222,rise,0.0011744514358879
1306,332,outlasted,0.001132168190815
1307,468,lemonade,0.001132168190815
1308,530,hollow,0.001132168190815
1309,795,celestial,0.001132168190815
1310,101,telescopes,0.001132168190815
1311,527,hostetter,0.001132168190815
1312,867,bake,0.001132168190815
1313,876,attribute,0.001132168190815
1314,828,brew,0.001132168190815
1315,573,giovanni,0.001132168190815
1316,878,atmospheric,0.001132168190815
1317,46,venetian,0.001132168190815
1318,807,camping,0.001132168190815
1319,577,gelato,0.001132168190815
1320,732,currents,0.001132168190815
1321,58,u2009the,0.001132168190815
1322,354,oceans,0.001132168190815
1323,546,harpoon,0.001132168190815
1324,404,mitigate,0.001132168190815
1325,923,1Â½,0.001132168190815
1326,703,di,0.001132168190815
1327,520,hydraulic,0.001132168190815
1328,296,plots,0.001132168190815
1329,840,binoculars,0.001132168190815
1330,601,forecasts,0.001132168190815
1331,604,foolish,0.001132168190815
1332,784,cider,0.001132168190815
1333,111,swapping,0.001132168190815
1334,14,withstand,0.001132168190815
1335,458,lobster,0.0011078540941118
1336,123,studied,0.0011078540941118
1337,501,islands,0.0011078540941118
1338,659,environmental,0.0011066511710729
1339,578,gates,0.0010781995118901
1340,593,frederick,0.0010781995118901
1341,495,jazz,0.0010781995118901
1342,333,outer,0.0010781995118901
1343,455,locks,0.0009877387077637
1344,704,designing,0.0009877387077637
1345,240,relax,0.0009877387077637
1346,205,salads,0.0009877387077637
1347,78,toss,0.0009877387077637
1348,623,fest,0.0009877387077637
1349,525,hugh,0.0009877387077637
1350,474,lazy,0.0009877387077637
1351,697,disruptive,0.0009877387077637
1352,416,melt,0.0009877387077637
1353,612,flavored,0.0009877387077637
1354,695,diverting,0.0009877387077637
1355,637,extraordinarily,0.0009877387077637
1356,86,tidal,0.0009877387077637
1357,392,narrowing,0.0009877387077637
1358,441,madonna,0.0009877387077637
1359,378,netherlands,0.0009877387077637
1360,827,brewery,0.0009877387077637
1361,162,sip,0.0009877387077637
1362,28,waterway,0.0009877387077637
1363,258,ranges,0.0009877387077637
1364,294,popcorn,0.0009877387077637
1365,800,catastrophic,0.0009877387077637
1366,598,fortified,0.0009877387077637
1367,30,waterfront,0.000963955119056
1368,335,orleans,0.000963955119056
1369,700,dig,0.0009548206383569
1370,216,roberts,0.0009548206383569
1371,801,castle,0.0009548206383569
1372,503,involve,0.0009548206383569
1373,192,seafood,0.0009548206383569
1374,38,wall,0.0009519318758562
1375,491,kayak,0.0008697312276382
1376,777,cleaned,0.0008697312276382
1377,306,philanthropies,0.0008697312276382
1378,388,navigation,0.0008697312276382
1379,543,hearty,0.0008697312276382
1380,742,corn,0.0008697312276382
1381,895,amos,0.0008697312276382
1382,54,unprecedented,0.0008697312276382
1383,497,italians,0.0008697312276382
1384,803,carnival,0.0008697312276382
1385,319,patio,0.0008697312276382
1386,551,gulf,0.0008697312276382
1387,298,planted,0.0008697312276382
1388,753,confines,0.0008697312276382
1389,310,perks,0.0008697312276382
1390,199,sausage,0.0008697312276382
1391,849,beers,0.0008697312276382
1392,175,shell,0.0008697312276382
1393,586,funk,0.0008697312276382
1394,341,openings,0.0008697312276382
1395,535,hiking,0.0008697312276382
1396,145,spectacle,0.0008697312276382
1397,685,dutch,0.0008697312276382
1398,882,arnold,0.0008697312276382
1399,105,tasting,0.0008697312276382
1400,71,trivia,0.0008697312276382
1401,606,flows,0.0008697312276382
1402,108,taller,0.0008697312276382
1403,450,loop,0.0008697312276382
1404,887,arboretum,0.0008697312276382
1405,728,dancers,0.0008697312276382
1406,759,complexity,0.0008697312276382
1407,855,basket,0.0008697312276382
1408,832,boston,0.0008631410207928
1409,915,admission,0.000842184551639
1410,114,surge,0.000842184551639
1411,311,performances,0.000842184551639
1412,655,estimated,0.0008299883783047
1413,57,umass,0.0008299883783047
1414,627,feet,0.0008141472371368
1415,749,considering,0.0007826041990237
1416,690,drastic,0.0007699573248374
1417,99,tent,0.0007699573248374
1418,688,drummer,0.0007699573248374
1419,265,pumped,0.0007699573248374
1420,668,emissions,0.0007699573248374
1421,631,feast,0.0007699573248374
1422,270,protective,0.0007699573248374
1423,356,observatory,0.0007699573248374
1424,509,indicating,0.0007699573248374
1425,539,hesitate,0.0007699573248374
1426,714,del,0.0007699573248374
1427,600,forming,0.0007699573248374
1428,292,pose,0.0007699573248374
1429,529,homage,0.0007699573248374
1430,406,ministry,0.0007699573248374
1431,893,amounts,0.0007699573248374
1432,483,laboratory,0.0007699573248374
1433,227,resilience,0.0007699573248374
1434,726,dangers,0.0007699573248374
1435,815,cable,0.0007699573248374
1436,235,rentals,0.0007699573248374
1437,686,dumping,0.0007699573248374
1438,575,georges,0.0007699573248374
1439,244,reductions,0.0007699573248374
1440,7,would,0.0007480555513538
1441,66,tthere,0.0007408040308228
1442,152,solutions,0.0007385693960745
1443,371,nif,0.0007385693960745
1444,674,effects,0.0007385693960745
1445,508,infrastructure,0.0007385693960745
1446,153,solution,0.0007385693960745
1447,85,tide,0.0007385693960745
1448,741,cost,0.0007236864330105
1449,559,grammy,0.0006835292389963
1450,552,guitarist,0.0006835292389963
1451,219,rival,0.0006835292389963
1452,615,fisherman,0.0006835292389963
1453,224,ribbon,0.0006835292389963
1454,366,nominated,0.0006835292389963
1455,251,rebecca,0.0006835292389963
1456,864,balls,0.0006835292389963
1457,886,arc,0.0006835292389963
1458,899,alt,0.0006835292389963
1459,443,luck,0.0006835292389963
1460,440,magnate,0.0006835292389963
1461,189,seaside,0.0006835292389963
1462,188,sections,0.0006835292389963
1463,725,daunting,0.0006835292389963
1464,630,feat,0.0006835292389963
1465,568,glimpse,0.0006835292389963
1466,865,ballet,0.0006835292389963
1467,492,katrina,0.0006835292389963
1468,826,brewing,0.0006835292389963
1469,329,oyster,0.0006835292389963
1470,912,advising,0.0006835292389963
1471,486,kinds,0.0006426367460373
1472,756,concert,0.0006426367460373
1473,283,principal,0.0006426367460373
1474,369,nights,0.0006426367460373
1475,608,flood,0.0006426367460373
1476,127,storm,0.0006426367460373
1477,639,extend,0.0006426367460373
1478,76,tours,0.0006426367460373
1479,221,rising,0.0006346212505708
1480,740,costs,0.0006183017370961
1481,842,billion,0.0006183017370961
1482,750,consideration,0.0006072942644614
1483,330,overseen,0.0006072942644614
1484,173,ships,0.0006072942644614
1485,419,mccormack,0.0006072942644614
1486,210,routine,0.0006072942644614
1487,892,angel,0.0006072942644614
1488,872,authors,0.0006072942644614
1489,112,sustainable,0.0006072942644614
1490,113,sustain,0.0006072942644614
1491,859,barr,0.0006072942644614
1492,445,lowered,0.0006072942644614
1493,444,lowering,0.0006072942644614
1494,839,bite,0.0006072942644614
1495,157,skyline,0.0006072942644614
1496,191,seal,0.0006072942644614
1497,415,merely,0.0006072942644614
1498,757,composer,0.0006072942644614
1499,255,ranked,0.0006072942644614
1500,246,recommends,0.0006072942644614
1501,648,excessive,0.0006072942644614
1502,279,professors,0.0006072942644614
1503,256,rank,0.0006072942644614
1504,215,rock,0.0005869531492678
1505,850,beer,0.0005869531492678
1506,288,potentially,0.0005533255855364
1507,729,dance,0.0005533255855364
1508,557,grant,0.0005533255855364
1509,771,coast,0.0005533255855364
1510,775,climate,0.0005427648247578
1511,733,cultures,0.000539099755945
1512,398,movements,0.000539099755945
1513,711,denver,0.000539099755945
1514,737,courtesy,0.000539099755945
1515,357,objects,0.000539099755945
1516,400,moon,0.000539099755945
1517,481,lake,0.000539099755945
1518,351,offerings,0.000539099755945
1519,515,impressive,0.000539099755945
1520,263,pursue,0.000539099755945
1521,303,pier,0.000539099755945
1522,656,estimate,0.000539099755945
1523,128,steel,0.000539099755945
1524,124,stretches,0.000539099755945
1525,862,bands,0.000539099755945
1526,74,trails,0.000539099755945
1527,217,roadway,0.000539099755945
1528,47,vendors,0.000539099755945
1529,208,rushing,0.000539099755945
1530,786,chefs,0.000539099755945
1531,619,films,0.000539099755945
1532,917,adjustments,0.000539099755945
1533,238,rely,0.000539099755945
1534,921,acquire,0.000539099755945
1535,151,solve,0.000539099755945
1536,466,levels,0.0004946413896769
1537,271,protect,0.0004946413896769
1538,781,city,0.0004891132451159
1539,206,said,0.0004891132451159
1540,430,maps,0.0004774103191784
1541,229,researchers,0.0004774103191784
1542,413,mexican,0.0004774103191784
1543,583,gaps,0.0004774103191784
1544,755,concrete,0.0004774103191784
1545,710,depending,0.0004774103191784
1546,137,stages,0.0004774103191784
1547,116,sunny,0.0004774103191784
1548,107,tap,0.0004774103191784
1549,82,titled,0.0004774103191784
1550,484,lab,0.0004774103191784
1551,49,vary,0.0004774103191784
1552,907,aggressive,0.0004774103191784
1553,676,edwards,0.0004774103191784
1554,521,hurricane,0.0004774103191784
1555,394,musicians,0.0004774103191784
1556,709,depth,0.0004774103191784
1557,302,pipe,0.0004774103191784
1558,276,projections,0.0004774103191784
1559,883,areas,0.0004759659379281
1560,425,massive,0.0004759659379281
1561,705,designed,0.0004759659379281
1562,760,complex,0.0004759659379281
1563,693,dollars,0.0004759659379281
1564,290,possible,0.0004759659379281
1565,91,threat,0.0004697805743551
1566,43,victory,0.0004697805743551
1567,44,vice,0.0004697805743551
1568,245,reduce,0.0004697805743551
1569,48,vast,0.0004697805743551
1570,819,build,0.0004523040206315
1571,438,major,0.0004523040206315
1572,52,urgency,0.0004210922758195
1573,879,atmosphere,0.0004210922758195
1574,877,attendees,0.0004210922758195
1575,787,cheese,0.0004210922758195
1576,331,outlined,0.0004210922758195
1577,337,orchestra,0.0004210922758195
1578,561,grab,0.0004210922758195
1579,506,installation,0.0004210922758195
1580,727,danger,0.0004210922758195
1581,427,marty,0.0004210922758195
1582,675,effectively,0.0004210922758195
1583,160,sixth,0.0004210922758195
1584,720,dean,0.0004210922758195
1585,186,senior,0.0003913020995118
1586,638,extra,0.0003913020995118
1587,321,pass,0.0003913020995118
1588,596,foundation,0.0003913020995118
1589,745,controversial,0.0003913020995118
1590,456,locations,0.0003913020995118
1591,40,vulnerable,0.0003913020995118
1592,61,two,0.0003740277756769
1593,272,proposed,0.0003709810422576
1594,526,hour,0.0003709810422576
1595,730,damage,0.0003709810422576
1596,100,tens,0.0003692846980372
1597,414,metropolitan,0.0003692846980372
1598,633,fancy,0.0003692846980372
1599,672,eighth,0.0003692846980372
1600,909,afterward,0.0003692846980372
1601,511,increasing,0.0003692846980372
1602,647,exist,0.0003692846980372
1603,148,somewhat,0.0003692846980372
1604,564,goals,0.0003692846980372
1605,35,waltham,0.0003692846980372
1606,309,permits,0.0003692846980372
1607,383,necessary,0.0003692846980372
1608,789,cheaper,0.0003692846980372
1609,614,fishing,0.0003692846980372
1610,567,global,0.0003692846980372
1611,610,flight,0.0003692846980372
1612,424,materials,0.0003692846980372
1613,752,consequences,0.0003692846980372
1614,204,sand,0.0003692846980372
1615,232,requires,0.0003692846980372
1616,582,garden,0.0003618432165052
1617,117,summer,0.0003532884590513
1618,873,austin,0.0003213183730186
1619,231,requiring,0.0003213183730186
1620,645,expanding,0.0003213183730186
1621,308,permitting,0.0003213183730186
1622,553,guests,0.0003213183730186
1623,106,taste,0.0003213183730186
1624,880,associate,0.0003213183730186
1625,694,dog,0.0003213183730186
1626,498,italian,0.0003213183730186
1627,286,predicted,0.0003213183730186
1628,23,weekends,0.0003213183730186
1629,772,clubs,0.0003213183730186
1630,743,copley,0.0003213183730186
1631,203,sandwiches,0.0003213183730186
1632,641,explore,0.0003213183730186
1633,640,exploring,0.0003213183730186
1634,758,complicated,0.0003213183730186
1635,588,funded,0.0003213183730186
1636,814,cafe,0.0003213183730186
1637,13,wooden,0.0003213183730186
1638,269,proven,0.0003213183730186
1639,439,maintained,0.0003213183730186
1640,834,border,0.0003213183730186
1641,412,mexico,0.0003213183730186
1642,836,bob,0.0003213183730186
1643,507,inner,0.0003213183730186
1644,773,closer,0.0003213183730186
1645,747,consulting,0.0003213183730186
1646,39,walking,0.0003173106252854
1647,644,expensive,0.0003173106252854
1648,242,regular,0.0003173106252854
1649,323,parks,0.0003173106252854
1650,517,ii,0.0003173106252854
1651,518,ideas,0.0003173106252854
1652,338,options,0.0003173106252854
1653,875,aug,0.0003173106252854
1654,122,studies,0.0003173106252854
1655,230,research,0.0003173106252854
1656,289,potential,0.0003173106252854
1657,432,manager,0.0003173106252854
1658,589,friendly,0.0003173106252854
1659,218,river,0.0003173106252854
1660,92,thousand,0.0003164850409573
1661,22,well,0.0002944070492094
1662,592,free,0.0002944070492094
1663,620,fifty,0.0002944070492094
1664,843,big,0.0002944070492094
1665,234,report,0.0002944070492094
1666,537,higher,0.0002944070492094
1667,41,views,0.0002766627927682
1668,911,affect,0.0002766627927682
1669,715,definitely,0.0002766627927682
1670,522,hungry,0.0002766627927682
1671,90,threatening,0.0002766627927682
1672,53,urged,0.0002766627927682
1673,241,relatively,0.0002766627927682
1674,374,nfor,0.0002766627927682
1675,345,oldest,0.0002766627927682
1676,914,adults,0.0002766627927682
1677,247,recognize,0.0002766627927682
1678,797,causing,0.0002766627927682
1679,18,wine,0.0002766627927682
1680,510,incredibly,0.0002766627927682
1681,599,fort,0.0002766627927682
1682,32,warren,0.0002766627927682
1683,405,minute,0.0002766627927682
1684,680,eat,0.0002766627927682
1685,214,roll,0.0002766627927682
1686,264,purchase,0.0002766627927682
1687,454,logan,0.0002766627927682
1688,646,expand,0.0002766627927682
1689,664,engineering,0.0002766627927682
1690,866,ball,0.0002766627927682
1691,706,designated,0.0002766627927682
1692,133,stars,0.0002766627927682
1693,519,idea,0.0002713824123789
1694,603,foot,0.0002713824123789
1695,343,one,0.0002589423062378
1696,523,hundred,0.0002589423062378
1697,531,holding,0.0002473206948384
1698,660,environment,0.0002473206948384
1699,622,festival,0.0002473206948384
1700,313,perfect,0.0002473206948384
1701,233,require,0.0002473206948384
1702,748,construction,0.0002473206948384
1703,908,ages,0.0002473206948384
1704,130,stay,0.0002473206948384
1705,150,somerville,0.0002473206948384
1706,182,series,0.0002473206948384
1707,275,projects,0.0002473206948384
1708,782,cities,0.0002473206948384
1709,312,performance,0.0002473206948384
1710,628,feeling,0.0002473206948384
1711,55,university,0.0002355256393675
1712,396,much,0.0002355256393675
1713,913,advantage,0.0002348902871775
1714,166,significantly,0.0002348902871775
1715,906,airport,0.0002348902871775
1716,767,combat,0.0002348902871775
1717,634,fan,0.0002348902871775
1718,635,famous,0.0002348902871775
1719,591,french,0.0002348902871775
1720,707,design,0.0002348902871775
1721,181,serious,0.0002348902871775
1722,328,pack,0.0002348902871775
1723,257,ranging,0.0002348902871775
1724,252,reasonable,0.0002348902871775
1725,209,row,0.0002348902871775
1726,813,california,0.0002348902871775
1727,505,interest,0.0002348902871775
1728,326,paper,0.0002348902871775
1729,809,camp,0.0002348902871775
1730,708,deputy,0.0002348902871775
1731,904,allowing,0.0002348902871775
1732,56,unique,0.0002348902871775
1733,924,1990s,0.0002348902871775
1734,744,cool,0.0002348902871775
1735,761,completed,0.0002348902871775
1736,616,fish,0.0002348902871775
1737,739,could,0.0002301709388781
1738,88,ticket,0.0001956510497559
1739,37,walls,0.0001956510497559
1740,207,ryan,0.0001956510497559
1741,60,typically,0.0001956510497559
1742,848,begin,0.0001956510497559
1743,822,broken,0.0001956510497559
1744,830,boys,0.0001956510497559
1745,480,land,0.0001956510497559
1746,144,speech,0.0001956510497559
1747,683,easier,0.0001956510497559
1748,853,beat,0.0001956510497559
1749,171,shown,0.0001956510497559
1750,677,economic,0.0001956510497559
1751,536,highly,0.0001956510497559
1752,734,cultural,0.0001956510497559
1753,689,dream,0.0001956510497559
1754,363,noting,0.0001956510497559
1755,746,contest,0.0001956510497559
1756,918,additional,0.0001956510497559
1757,762,compared,0.0001956510497559
1758,783,circle,0.0001956510497559
1759,273,proposal,0.0001956510497559
1760,397,movie,0.0001956510497559
1761,925,1970s,0.0001956510497559
1762,802,cash,0.0001956510497559
1763,713,delays,0.0001956510497559
1764,334,outdoor,0.0001956510497559
1765,81,today,0.0001809216082526
1766,384,nearly,0.0001809216082526
1767,605,food,0.0001809216082526
1768,738,country,0.0001809216082526
1769,42,view,0.0001809216082526
1770,121,study,0.0001809216082526
1771,901,already,0.0001809216082526
1772,315,per,0.0001809216082526
1773,243,region,0.0001809216082526
1774,300,plan,0.0001809216082526
1775,158,size,0.0001809216082526
1776,165,similar,0.0001809216082526
1777,629,federal,0.0001809216082526
1778,475,law,0.0001809216082526
1779,477,largest,0.0001809216082526
1780,671,eighty,0.0001809216082526
1781,185,sense,0.0001809216082526
1782,500,issue,0.0001809216082526
1783,261,quincy,0.0001809216082526
1784,250,received,0.0001809216082526
1785,920,across,0.0001766442295256
1786,31,water,0.0001766442295256
1787,462,likely,0.0001766442295256
1788,34,want,0.0001766442295256
1789,104,team,0.0001766442295256
1790,109,take,0.0001766442295256
1791,142,spent,0.0001766442295256
1792,816,built,0.0001766442295256
1793,642,experience,0.0001766442295256
1794,285,president,0.0001766442295256
1795,774,close,0.0001766442295256
1796,652,even,0.0001766442295256
1797,367,ninety,0.0001766442295256
1798,410,might,0.0001766442295256
1799,198,say,0.0001766442295256
1800,463,like,0.0001726282041585
1801,277,project,0.0001726282041585
1802,63,twenty,0.0001726282041585
1803,538,high,0.0001726282041585
1804,226,return,0.0001586553126427
1805,143,spending,0.0001586553126427
1806,147,sounds,0.0001586553126427
1807,167,significant,0.0001586553126427
1808,179,setting,0.0001586553126427
1809,180,seriously,0.0001586553126427
1810,662,enjoy,0.0001586553126427
1811,823,bringing,0.0001586553126427
1812,437,majority,0.0001586553126427
1813,197,scheduled,0.0001586553126427
1814,291,possibility,0.0001586553126427
1815,141,spirit,0.0001586553126427
1816,780,civil,0.0001586553126427
1817,681,easy,0.0001586553126427
1818,764,commercial,0.0001586553126427
1819,339,option,0.0001586553126427
1820,691,double,0.0001586553126427
1821,376,newton,0.0001586553126427
1822,461,list,0.0001586553126427
1823,408,miles,0.0001586553126427
1824,409,mile,0.0001586553126427
1825,558,grand,0.0001586553126427
1826,542,heat,0.0001586553126427
1827,905,allow,0.0001586553126427
1828,87,tickets,0.0001586553126427
1829,587,funding,0.0001586553126427
1830,17,winter,0.0001586553126427
1831,135,standing,0.0001586553126427
1832,19,window,0.0001586553126427
1833,120,studying,0.0001586553126427
1834,118,suggested,0.0001586553126427
1835,894,amount,0.0001586553126427
1836,20,wide,0.0001586553126427
1837,818,building,0.0001438568367988
1838,377,new,0.0001438568367988
1839,6,year,0.0001438568367988
1840,900,also,0.0001438568367988
1841,359,nthere,0.0001347749389862
1842,778,classic,0.0001236603474192
1843,776,clear,0.0001236603474192
1844,284,previous,0.0001236603474192
1845,318,paul,0.0001236603474192
1846,140,spot,0.0001236603474192
1847,754,conditions,0.0001236603474192
1848,349,offices,0.0001236603474192
1849,353,october,0.0001236603474192
1850,390,natural,0.0001236603474192
1851,417,meanwhile,0.0001236603474192
1852,888,approach,0.0001236603474192
1853,274,property,0.0001236603474192
1854,280,professor,0.0001236603474192
1855,77,tour,0.0001236603474192
1856,852,beautiful,0.0001236603474192
1857,154,social,0.0001236603474192
1858,156,smaller,0.0001236603474192
1859,854,beach,0.0001236603474192
1860,131,station,0.0001236603474192
1861,863,band,0.0001236603474192
1862,103,tech,0.0001236603474192
1863,871,available,0.0001236603474192
1864,223,rich,0.0001236603474192
1865,874,august,0.0001236603474192
1866,811,calls,0.0001236603474192
1867,236,remains,0.0001236603474192
1868,259,range,0.0001236603474192
1869,799,catch,0.0001236603474192
1870,798,caused,0.0001236603474192
1871,260,raised,0.0001236603474192
1872,788,check,0.0001236603474192
1873,717,deep,0.0001236603474192
1874,626,fenway,0.0001236603474192
1875,472,learn,0.0001236603474192
1876,657,estate,0.0001236603474192
1877,696,diverse,0.0001236603474192
1878,516,impact,0.0001236603474192
1879,560,graduate,0.0001236603474192
1880,682,east,0.0001236603474192
1881,496,january,0.0001236603474192
1882,478,large,0.0001177628196837
1883,322,part,0.0001177628196837
1884,196,school,0.0001177628196837
1885,94,thirteen,0.0001177628196837
1886,763,company,0.0001177628196837
1887,453,long,0.0001177628196837
1888,470,least,0.0001177628196837
1889,544,head,0.0001177628196837
1890,597,found,0.0001177628196837
1891,513,includes,0.0001177628196837
1892,856,based,0.0001177628196837
1893,845,best,0.0001177628196837
1894,132,started,0.0001177628196837
1895,844,better,0.0001177628196837
1896,881,around,0.000115085469439
1897,613,five,0.000115085469439
1898,89,three,0.000115085469439
1899,9,world,0.000115085469439
1900,348,officials,0.000115085469439
1901,183,september,9.046080412631626e-05
1902,554,growing,9.046080412631626e-05
1903,765,coming,9.046080412631626e-05
1904,146,south,9.046080412631626e-05
1905,168,side,9.046080412631626e-05
1906,702,died,9.046080412631626e-05
1907,304,piece,9.046080412631626e-05
1908,301,place,9.046080412631626e-05
1909,673,eighteen,9.046080412631626e-05
1910,254,ready,9.046080412631626e-05
1911,249,recent,9.046080412631626e-05
1912,792,changes,9.046080412631626e-05
1913,791,changing,9.046080412631626e-05
1914,248,recently,9.046080412631626e-05
1915,239,released,9.046080412631626e-05
1916,514,include,9.046080412631626e-05
1917,533,historic,9.046080412631626e-05
1918,278,program,9.046080412631626e-05
1919,810,cambridge,9.046080412631626e-05
1920,282,private,9.046080412631626e-05
1921,487,kind,9.046080412631626e-05
1922,666,energy,9.046080412631626e-05
1923,817,buildings,9.046080412631626e-05
1924,295,policy,9.046080412631626e-05
1925,471,learning,9.046080412631626e-05
1926,184,sent,9.046080412631626e-05
1927,469,leave,9.046080412631626e-05
1928,562,government,9.046080412631626e-05
1929,423,mattapan,9.046080412631626e-05
1930,65,tuesday,9.046080412631626e-05
1931,62,twice,9.046080412631626e-05
1932,421,maybe,9.046080412631626e-05
1933,898,america,9.046080412631626e-05
1934,422,matter,9.046080412631626e-05
1935,719,decade,9.046080412631626e-05
1936,718,decades,9.046080412631626e-05
1937,25,ways,9.046080412631626e-05
1938,418,mean,9.046080412631626e-05
1939,24,weather,9.046080412631626e-05
1940,16,within,9.046080412631626e-05
1941,15,without,9.046080412631626e-05
1942,916,administration,9.046080412631626e-05
1943,919,action,9.046080412631626e-05
1944,4,yet,9.046080412631626e-05
1945,3,york,9.046080412631626e-05
1946,352,offer,9.046080412631626e-05
1947,590,fresh,9.046080412631626e-05
1948,69,trump,9.046080412631626e-05
1949,72,tried,9.046080412631626e-05
1950,650,everyone,9.046080412631626e-05
1951,860,bar,9.046080412631626e-05
1952,861,bank,9.046080412631626e-05
1953,571,girls,9.046080412631626e-05
1954,572,girl,9.046080412631626e-05
1955,464,light,9.046080412631626e-05
1956,98,term,9.046080412631626e-05
1957,380,needed,9.046080412631626e-05
1958,736,created,9.046080412631626e-05
1959,870,average,9.046080412631626e-05
1960,393,na,9.046080412631626e-05
1961,584,game,9.046080412631626e-05
1962,402,monday,9.046080412631626e-05
1963,262,quality,9.046080412631626e-05
1964,902,along,8.631410207928892e-05
1965,228,residents,8.631410207928892e-05
1966,161,six,8.631410207928892e-05
1967,149,something,8.631410207928892e-05
1968,5,years,8.631410207928892e-05
1969,83,time,8.631410207928892e-05
1970,0,zero,8.631410207928892e-05
1971,459,live,8.631410207928892e-05
1972,457,local,8.631410207928892e-05
1973,342,open,8.631410207928892e-05
1974,793,change,8.631410207928892e-05
1975,446,low,8.631410207928892e-05
1976,467,level,5.888140984189437e-05
1977,110,system,5.888140984189437e-05
1978,267,public,5.888140984189437e-05
1979,370,night,5.888140984189437e-05
1980,570,give,5.888140984189437e-05
1981,566,globe,5.888140984189437e-05
1982,125,story,5.888140984189437e-05
1983,213,room,5.888140984189437e-05
1984,649,everything,5.888140984189437e-05
1985,910,afternoon,5.888140984189437e-05
1986,434,making,5.888140984189437e-05
1987,138,stage,5.888140984189437e-05
1988,139,square,5.888140984189437e-05
1989,751,consider,5.888140984189437e-05
1990,350,offers,5.888140984189437e-05
1991,347,often,5.888140984189437e-05
1992,346,old,5.888140984189437e-05
1993,379,neighborhoods,5.888140984189437e-05
1994,574,get,5.888140984189437e-05
1995,95,third,5.888140984189437e-05
1996,68,try,5.888140984189437e-05
1997,721,days,5.888140984189437e-05
1998,636,family,5.888140984189437e-05
1999,64,twelve,5.888140984189437e-05
2000,50,use,5.888140984189437e-05
2001,724,david,5.888140984189437e-05
2002,420,mayor,5.888140984189437e-05
2003,67,tthe,5.888140984189437e-05
2004,36,walsh,5.888140984189437e-05
2005,391,national,5.888140984189437e-05
2006,75,traffic,5.888140984189437e-05
2007,585,future,5.888140984189437e-05
2008,79,top,5.888140984189437e-05
2009,33,war,5.888140984189437e-05
2010,401,month,5.888140984189437e-05
2011,576,general,5.888140984189437e-05
2012,395,music,5.888140984189437e-05
2013,555,group,5.888140984189437e-05
2014,847,believe,5.888140984189437e-05
2015,340,opportunity,5.888140984189437e-05
2016,499,issues,5.888140984189437e-05
2017,541,help,5.888140984189437e-05
2018,293,popular,5.888140984189437e-05
2019,8,worth,5.888140984189437e-05
2020,336,original,5.888140984189437e-05
2021,618,finally,5.888140984189437e-05
2022,821,brought,5.888140984189437e-05
2023,314,percent,5.888140984189437e-05
2024,281,problem,5.888140984189437e-05
2025,667,end,5.888140984189437e-05
2026,812,called,5.888140984189437e-05
2027,547,hard,5.888140984189437e-05
2028,534,hill,5.888140984189437e-05
2029,449,love,5.888140984189437e-05
2030,684,early,5.888140984189437e-05
2031,2,young,5.888140984189437e-05
2032,435,makes,5.888140984189437e-05
2033,268,provide,5.888140984189437e-05
2034,766,come,5.888140984189437e-05
2035,658,especially,5.888140984189437e-05
2036,550,hand,5.888140984189437e-05
2037,253,real,5.888140984189437e-05
2038,163,single,5.888140984189437e-05
2039,407,million,5.754273471952595e-05
2040,532,history,5.754273471952595e-05
2041,512,including,5.754273471952595e-05
2042,723,day,5.754273471952595e-05
2043,621,fifteen,5.754273471952595e-05
2044,790,charles,5.754273471952595e-05
2045,460,little,5.754273471952595e-05
2046,452,look,5.754273471952595e-05
2047,594,fourteen,5.754273471952595e-05
2048,26,way,5.754273471952595e-05
2049,93,thirty,5.754273471952595e-05
2050,178,seven,5.754273471952595e-05
2051,159,sixty,5.754273471952595e-05
2052,897,american,5.754273471952595e-05
2053,164,since,5.754273471952595e-05
2054,381,need,5.754273471952595e-05
2055,701,different,5.754273471952595e-05
2056,896,among,5.754273471952595e-05
2057,661,enough,5.754273471952595e-05
2058,442,made,5.754273471952595e-05
2059,595,four,2.8771367359762974e-05
2060,431,many,2.8771367359762974e-05
2061,12,work,2.8771367359762974e-05
2062,433,man,2.8771367359762974e-05
2063,21,whether,2.8771367359762974e-05
2064,602,force,2.8771367359762974e-05
2065,426,massachusetts,2.8771367359762974e-05
2066,617,first,2.8771367359762974e-05
2067,436,make,2.8771367359762974e-05
2068,11,worked,2.8771367359762974e-05
2069,451,looking,2.8771367359762974e-05
2070,528,home,2.8771367359762974e-05
2071,51,us,2.8771367359762974e-05
2072,324,park,2.8771367359762974e-05
2073,794,center,2.8771367359762974e-05
2074,237,remain,2.8771367359762974e-05
2075,785,chief,2.8771367359762974e-05
2076,670,eleven,2.8771367359762974e-05
2077,201,saturday,2.8771367359762974e-05
2078,187,see,2.8771367359762974e-05
2079,299,plans,2.8771367359762974e-05
2080,824,bring,2.8771367359762974e-05
2081,316,people,2.8771367359762974e-05
2082,177,seventy,2.8771367359762974e-05
2083,176,several,2.8771367359762974e-05
2084,476,last,2.8771367359762974e-05
2085,136,stand,2.8771367359762974e-05
2086,890,another,2.8771367359762974e-05
2087,563,going,2.8771367359762974e-05
2088,692,dorchester,2.8771367359762974e-05
2089,360,nthe,2.8771367359762974e-05
2090,565,go,2.8771367359762974e-05
2091,364,north,2.8771367359762974e-05
2092,368,nine,2.8771367359762974e-05
2093,375,next,2.8771367359762974e-05
2094,869,back,2.8771367359762974e-05
2095,80,took,2.8771367359762974e-05
2096,698,director,2.8771367359762974e-05
2097,70,true,2.8771367359762974e-05
2098,884,area,2.8771367359762974e-05
2099,115,sure,2.8771367359762974e-05
2100,274,hull,0.0140389472108667
2101,239,lighthouse,0.0117283581382888
2102,85,snowman,0.0109052360025514
2103,195,naumkeag,0.0091359614789371
2104,265,island,0.0072400098491644
2105,405,blaney,0.0060906409859581
2106,216,maritime,0.00507950605302
2107,373,colbert,0.00507950605302
2108,210,mcmahon,0.0050264392021237
2109,64,sundays,0.0046796490702889
2110,161,pemberton,0.0043620944010205
2111,120,salem,0.004072505540155
2112,396,brewster,0.0038056266920076
2113,402,boat,0.003730808109462
2114,375,coast,0.00339217936017
2115,82,sped,0.0033509594680825
2116,119,sally,0.0033509594680825
2117,238,lightkeeper,0.003045320492979
2118,193,navigational,0.003045320492979
2119,184,nkeeper,0.003045320492979
2120,273,hullonians,0.003045320492979
2121,180,nsigns,0.003045320492979
2122,282,hillery,0.003045320492979
2123,291,guckenburg,0.003045320492979
2124,225,maccurtain,0.003045320492979
2125,305,ginny,0.003045320492979
2126,172,olivetti,0.003045320492979
2127,356,deckhand,0.003045320492979
2128,445,300th,0.003045320492979
2129,444,70th,0.003045320492979
2130,401,boater,0.003045320492979
2131,107,sentinels,0.003045320492979
2132,342,dukor,0.003045320492979
2133,392,calico,0.003045320492979
2134,346,docks,0.003045320492979
2135,86,smerling,0.003045320492979
2136,284,heritage,0.0027590982910128
2137,15,wednesdays,0.002633547816083
2138,362,courier,0.00253975302651
2139,314,flapped,0.00253975302651
2140,177,nvisitors,0.00253975302651
2141,185,nits,0.00253975302651
2142,288,harbors,0.00253975302651
2143,93,shrubbery,0.00253975302651
2144,316,fishermen,0.00253975302651
2145,374,cobble,0.00253975302651
2146,257,kickstarter,0.00253975302651
2147,258,keeper,0.0023398245351444
2148,134,retreats,0.0021810472005102
2149,179,nsoon,0.0021810472005102
2150,112,seaside,0.0021810472005102
2151,117,schmidt,0.0021810472005102
2152,400,bonnet,0.0021810472005102
2153,219,mansions,0.0021810472005102
2154,382,choppy,0.0021810472005102
2155,217,mariners,0.0021810472005102
2156,363,cottages,0.0021810472005102
2157,135,restorations,0.0021810472005102
2158,347,docking,0.0021810472005102
2159,329,essex,0.0021342077000035
2160,47,tours,0.002131890348264
2161,45,tower,0.002131890348264
2162,446,18th,0.00207708010707
2163,264,islands,0.00207708010707
2164,253,lamp,0.0019028133460038
2165,254,ladders,0.0019028133460038
2166,121,sail,0.0019028133460038
2167,30,valid,0.0019028133460038
2168,312,fog,0.0019028133460038
2169,113,seas,0.0019028133460038
2170,331,entrances,0.0019028133460038
2171,381,chuckled,0.0019028133460038
2172,377,climbing,0.0018393988606752
2173,221,makeover,0.0016754797340412
2174,132,ridden,0.0016754797340412
2175,81,spikes,0.0016754797340412
2176,114,seal,0.0016754797340412
2177,313,flashes,0.0016754797340412
2178,388,cannon,0.0016754797340412
2179,0,zipped,0.0016754797340412
2180,41,transfer,0.001622412883145
2181,203,mold,0.0014832719038327
2182,75,steeped,0.0014832719038327
2183,323,famed,0.0014832719038327
2184,250,lands,0.0014832719038327
2185,167,pamela,0.0014832719038327
2186,27,vigorously,0.0014832719038327
2187,340,dylan,0.0014832719038327
2188,96,ships,0.0014832719038327
2189,269,imagination,0.0014832719038327
2190,425,annie,0.0014832719038327
2191,79,staffed,0.0013167739080415
2192,343,driscoll,0.0013167739080415
2193,413,await,0.0013167739080415
2194,387,celebrations,0.0013167739080415
2195,422,apron,0.0013167739080415
2196,440,acquired,0.0012379972227279
2197,133,returns,0.0012379972227279
2198,147,purchased,0.0012379972227279
2199,345,dress,0.0012379972227279
2200,70,storied,0.0011699122675722
2201,423,anticipation,0.0011699122675722
2202,432,aids,0.0011699122675722
2203,419,artifacts,0.0011699122675722
2204,348,dock,0.0011699122675722
2205,409,beam,0.0011699122675722
2206,209,melrose,0.0011699122675722
2207,58,tall,0.00113072645339
2208,433,ages,0.001065945174132
2209,139,reopened,0.001038540053535
2210,214,marking,0.001038540053535
2211,299,gorgeous,0.001038540053535
2212,40,tricky,0.001038540053535
2213,220,manchester,0.001038540053535
2214,143,rebecca,0.001038540053535
2215,270,id,0.001038540053535
2216,398,boundaries,0.001038540053535
2217,358,danvers,0.001038540053535
2218,198,nancy,0.001038540053535
2219,287,harris,0.001038540053535
2220,83,sparkling,0.001038540053535
2221,371,colony,0.001038540053535
2222,412,baker,0.0010208803040542
2223,240,light,0.0009976704816396
2224,426,amy,0.0009196994303376
2225,386,centuries,0.0009196994303376
2226,154,print,0.0009196994303376
2227,33,uniform,0.0009196994303376
2228,141,recounted,0.0009196994303376
2229,194,navigating,0.0009196994303376
2230,97,shining,0.0009196994303376
2231,129,rises,0.0009196994303376
2232,439,acre,0.0009050012311455
2233,122,said,0.0008868182059019
2234,16,wears,0.0008112064415725
2235,14,weekends,0.0008112064415725
2236,61,swampscott,0.0008112064415725
2237,324,exterior,0.0008112064415725
2238,421,architecture,0.0008112064415725
2239,108,seniors,0.0008112064415725
2240,404,blown,0.0008112064415725
2241,364,corners,0.0008112064415725
2242,88,sixty,0.0007940180142644
2243,101,seventy,0.0007940180142644
2244,76,station,0.0007940180142644
2245,52,tickets,0.0007538176355933
2246,441,accomplished,0.0007114025666678
2247,354,departure,0.0007114025666678
2248,67,structures,0.0007114025666678
2249,34,underwent,0.0007114025666678
2250,380,civilian,0.0007114025666678
2251,22,visitors,0.0006970670442651
2252,43,town,0.0006805868693695
2253,98,shell,0.0006189986113639
2254,99,shares,0.0006189986113639
2255,12,weymouth,0.0006189986113639
2256,277,homeowners,0.0006189986113639
2257,365,completion,0.0006189986113639
2258,376,closest,0.0006189986113639
2259,355,deemed,0.0006189986113639
2260,91,signal,0.0006189986113639
2261,435,adults,0.0006112779502069
2262,415,aug,0.0006112779502069
2263,48,tour,0.0006112779502069
2264,393,built,0.0005671557244746
2265,292,guard,0.0005671557244746
2266,103,seven,0.0005542613786887
2267,294,greg,0.000532972587066
2268,262,jerry,0.000532972587066
2269,332,enjoyed,0.000532972587066
2270,251,landing,0.000532972587066
2271,344,dressed,0.000532972587066
2272,44,towers,0.000532972587066
2273,13,welcoming,0.000532972587066
2274,26,visible,0.000532972587066
2275,263,jackson,0.000532972587066
2276,162,passengers,0.000532972587066
2277,407,beverly,0.000532972587066
2278,395,british,0.000532972587066
2279,390,calm,0.000532972587066
2280,311,foot,0.0005228002831988
2281,442,access,0.0005228002831988
2282,90,six,0.0004988352408198
2283,74,steps,0.0004764469744705
2284,255,labor,0.0004764469744705
2285,289,harbor,0.0004764469744705
2286,310,forty,0.0004537245795796
2287,325,explore,0.0004525006155727
2288,68,structure,0.0004525006155727
2289,60,sweeping,0.0004525006155727
2290,152,privately,0.0004525006155727
2291,175,offering,0.0004525006155727
2292,378,climb,0.0004525006155727
2293,18,wealth,0.0004525006155727
2294,182,noon,0.0004525006155727
2295,278,holds,0.0004525006155727
2296,173,oldest,0.0004525006155727
2297,55,thirty,0.0004434091029509
2298,353,deputy,0.0003769088177966
2299,23,visiting,0.0003769088177966
2300,301,gold,0.0003769088177966
2301,140,removed,0.0003769088177966
2302,111,seconds,0.0003769088177966
2303,149,providence,0.0003769088177966
2304,78,stairs,0.0003769088177966
2305,351,direct,0.0003769088177966
2306,124,ryan,0.0003769088177966
2307,275,houses,0.0003769088177966
2308,38,trips,0.0003769088177966
2309,7,wind,0.0003769088177966
2310,237,lights,0.0003769088177966
2311,438,acres,0.0003769088177966
2312,369,columbia,0.0003769088177966
2313,199,museum,0.0003769088177966
2314,187,nineteen,0.0003485335221325
2315,252,land,0.0003402934346847
2316,126,run,0.0003402934346847
2317,196,national,0.0003402934346847
2318,207,miles,0.0003402934346847
2319,245,leave,0.0003402934346847
2320,37,twelve,0.0003402934346847
2321,417,asked,0.0003402934346847
2322,424,anniversary,0.0003056389751034
2323,42,trade,0.0003056389751034
2324,249,landscape,0.0003056389751034
2325,95,shore,0.0003056389751034
2326,136,respect,0.0003056389751034
2327,350,directly,0.0003056389751034
2328,389,campaign,0.0003056389751034
2329,397,braintree,0.0003056389751034
2330,156,pointed,0.0003056389751034
2331,145,rare,0.0003056389751034
2332,144,reach,0.0003056389751034
2333,341,duty,0.0003056389751034
2334,57,ten,0.0002771306893443
2335,297,government,0.0002382234872352
2336,115,sea,0.0002382234872352
2337,296,grand,0.0002382234872352
2338,29,view,0.0002382234872352
2339,72,stone,0.0002382234872352
2340,28,views,0.0002382234872352
2341,105,september,0.0002382234872352
2342,243,leaving,0.0002382234872352
2343,333,employee,0.0002382234872352
2344,128,rock,0.0002382234872352
2345,416,attended,0.0002382234872352
2346,235,liked,0.0002382234872352
2347,327,excited,0.0002382234872352
2348,24,visited,0.0002382234872352
2349,197,nation,0.0002382234872352
2350,411,base,0.0002382234872352
2351,208,mile,0.0002382234872352
2352,318,finally,0.0002382234872352
2353,431,along,0.0002268622897898
2354,89,sixteen,0.0002268622897898
2355,165,park,0.0002268622897898
2356,19,water,0.0002268622897898
2357,360,crowd,0.0002268622897898
2358,205,minutes,0.0002268622897898
2359,153,private,0.0002268622897898
2360,25,visit,0.0002268622897898
2361,336,eighty,0.0002268622897898
2362,106,sept,0.0002217045514754
2363,49,top,0.0002217045514754
2364,3,years,0.0002217045514754
2365,65,summer,0.0002217045514754
2366,370,color,0.0001742667610662
2367,280,historic,0.0001742667610662
2368,379,clearly,0.0001742667610662
2369,17,wearing,0.0001742667610662
2370,285,helps,0.0001742667610662
2371,384,ceremony,0.0001742667610662
2372,300,golden,0.0001742667610662
2373,414,august,0.0001742667610662
2374,21,walk,0.0001742667610662
2375,361,covered,0.0001742667610662
2376,339,easy,0.0001742667610662
2377,410,beach,0.0001742667610662
2378,408,beautiful,0.0001742667610662
2379,281,hired,0.0001742667610662
2380,223,major,0.0001742667610662
2381,259,june,0.0001742667610662
2382,94,shot,0.0001742667610662
2383,213,mary,0.0001742667610662
2384,248,largely,0.0001742667610662
2385,261,jim,0.0001742667610662
2386,151,professor,0.0001742667610662
2387,183,nonprofit,0.0001742667610662
2388,71,stood,0.0001742667610662
2389,189,nin,0.0001742667610662
2390,109,seen,0.0001742667610662
2391,155,pointing,0.0001742667610662
2392,268,increase,0.0001742667610662
2393,176,october,0.0001742667610662
2394,204,mission,0.0001742667610662
2395,169,original,0.0001742667610662
2396,123,safe,0.0001742667610662
2397,168,owned,0.0001742667610662
2398,118,saw,0.0001662784136066
2399,247,last,0.0001662784136066
2400,227,lot,0.0001662784136066
2401,191,new,0.0001662784136066
2402,320,fifty,0.0001662784136066
2403,200,much,0.0001662784136066
2404,236,like,0.0001662784136066
2405,160,people,0.0001662784136066
2406,4,year,0.0001662784136066
2407,178,nthe,0.0001662784136066
2408,420,around,0.0001662784136066
2409,212,massachusetts,0.0001134311448949
2410,211,may,0.0001134311448949
2411,206,million,0.0001134311448949
2412,215,mark,0.0001134311448949
2413,5,world,0.0001134311448949
2414,50,today,0.0001134311448949
2415,1,zero,0.0001134311448949
2416,150,property,0.0001134311448949
2417,226,loved,0.0001134311448949
2418,146,raised,0.0001134311448949
2419,80,st,0.0001134311448949
2420,158,plus,0.0001134311448949
2421,359,cut,0.0001134311448949
2422,159,per,0.0001134311448949
2423,366,communities,0.0001134311448949
2424,367,commission,0.0001134311448949
2425,368,comes,0.0001134311448949
2426,394,build,0.0001134311448949
2427,56,thirteen,0.0001134311448949
2428,372,college,0.0001134311448949
2429,181,north,0.0001134311448949
2430,9,whose,0.0001134311448949
2431,174,official,0.0001134311448949
2432,170,open,0.0001134311448949
2433,11,white,0.0001134311448949
2434,142,recently,0.0001134311448949
2435,334,eleven,0.0001134311448949
2436,335,either,0.0001134311448949
2437,319,filled,0.0001134311448949
2438,443,able,0.0001134311448949
2439,92,side,0.0001134311448949
2440,271,husband,0.0001134311448949
2441,290,hands,0.0001134311448949
2442,266,interested,0.0001134311448949
2443,295,great,0.0001134311448949
2444,39,trip,0.0001134311448949
2445,436,added,0.0001134311448949
2446,434,age,0.0001134311448949
2447,304,gives,0.0001134311448949
2448,307,gave,0.0001134311448949
2449,10,whole,0.0001134311448949
2450,428,america,0.0001134311448949
2451,163,passed,0.0001134311448949
2452,131,ride,0.0001134311448949
2453,138,resident,0.0001134311448949
2454,330,era,0.0001134311448949
2455,66,students,0.0001134311448949
2456,110,see,0.0001108522757377
2457,383,children,0.0001108522757377
2458,137,residents,0.0001108522757377
2459,293,group,0.0001108522757377
2460,231,lives,0.0001108522757377
2461,53,three,0.0001108522757377
2462,104,service,0.0001108522757377
2463,321,fifteen,0.0001108522757377
2464,234,little,0.0001108522757377
2465,192,never,0.0001108522757377
2466,349,director,0.0001108522757377
2467,69,street,0.0001108522757377
2468,201,month,0.0001108522757377
2469,244,leaves,0.0001108522757377
2470,116,school,5.542613786887007e-05
2471,62,sure,5.542613786887007e-05
2472,2,yet,5.542613786887007e-05
2473,84,space,5.542613786887007e-05
2474,6,woman,5.542613786887007e-05
2475,77,stand,5.542613786887007e-05
2476,391,called,5.542613786887007e-05
2477,100,several,5.542613786887007e-05
2478,63,support,5.542613786887007e-05
2479,127,room,5.542613786887007e-05
2480,406,big,5.542613786887007e-05
2481,125,running,5.542613786887007e-05
2482,429,always,5.542613786887007e-05
2483,437,across,5.542613786887007e-05
2484,102,seventeen,5.542613786887007e-05
2485,130,right,5.542613786887007e-05
2486,8,wife,5.542613786887007e-05
2487,279,history,5.542613786887007e-05
2488,164,part,5.542613786887007e-05
2489,337,eighteen,5.542613786887007e-05
2490,328,every,5.542613786887007e-05
2491,232,lived,5.542613786887007e-05
2492,326,executive,5.542613786887007e-05
2493,166,parents,5.542613786887007e-05
2494,322,federal,5.542613786887007e-05
2495,46,toward,5.542613786887007e-05
2496,241,left,5.542613786887007e-05
2497,242,led,5.542613786887007e-05
2498,246,launched,5.542613786887007e-05
2499,309,found,5.542613786887007e-05
2500,306,get,5.542613786887007e-05
2501,31,used,5.542613786887007e-05
2502,303,go,5.542613786887007e-05
2503,302,going,5.542613786887007e-05
2504,256,know,5.542613786887007e-05
2505,298,got,5.542613786887007e-05
2506,267,inside,5.542613786887007e-05
2507,276,hours,5.542613786887007e-05
2508,283,high,5.542613786887007e-05
2509,228,look,5.542613786887007e-05
2510,233,live,5.542613786887007e-05
2511,190,next,5.542613786887007e-05
2512,202,money,5.542613786887007e-05
2513,224,main,5.542613786887007e-05
2514,222,make,5.542613786887007e-05
2515,218,many,5.542613786887007e-05
2516,51,time,5.542613786887007e-05
2517,59,take,5.542613786887007e-05
2518,20,want,5.542613786887007e-05
2519,35,two,0.0
2520,188,nine,0.0
2521,260,job,0.0
2522,186,ninety,0.0
2523,87,small,0.0
2524,32,us,0.0
2525,272,hundred,0.0
2526,357,day,0.0
2527,286,head,0.0
2528,36,twenty,0.0
2529,171,one,0.0
2530,385,century,0.0
2531,54,thousand,0.0
2532,338,eight,0.0
2533,157,point,0.0
2534,430,also,0.0
2535,229,long,0.0
2536,399,boston,0.0
2537,427,among,0.0
2538,73,still,0.0
2539,315,five,0.0
2540,352,different,0.0
2541,317,first,0.0
2542,403,blue,0.0
2543,418,ask,0.0
2544,148,public,0.0
2545,230,local,0.0
2546,308,four,0.0
