,term,weight
1352,landlords,0.005544349559029065
973,overcrowding,0.004871605397287734
2360,binland,0.0036495031432535823
2394,bc,0.00339431823514951
1922,dorms,0.0026467640870971774
1639,glascock,0.002628591769201913
2268,campus,0.002538834874006993
2012,decie,0.0024882975976728973
487,sharma,0.0024882975976728973
1453,inspectors,0.0024216699223345343
1775,faisal,0.002351897898759606
167,undergraduates,0.0022952988912570836
151,units,0.0022354947457498033
1291,linden,0.0020752040283172997
1530,housemates,0.0019906380781383177
1884,egress,0.0019906380781383177
1133,montgomery,0.0019906380781383177
688,rental,0.0019219522189697607
974,overcrowded,0.0018583463654213298
2539,allston,0.0018580735549089274
2321,bridj,0.0018247515716267911
1456,inspectional,0.0017843883638254464
165,underpasses,0.0016588650651152648
2583,addresses,0.0016569320521236286
1047,northeastern,0.001528230700858578
1630,goldenberg,0.0015218162874326862
1959,dimeo,0.0014929785586037384
2094,correspondents,0.0014929785586037384
1673,frias,0.0014929785586037384
2505,antiovercrowding,0.0014929785586037384
2405,bartrug,0.0014929785586037384
1459,inspected,0.0014511165013197506
1455,inspections,0.0014511165013197506
575,said,0.0013840710669077497
2496,apartments,0.0013803374072271029
168,undergraduate,0.0013382912728690847
2188,code,0.0013256555718423205
1582,hazards,0.0013068802827482069
1923,dorm,0.0012927626889887513
2187,codes,0.0012927626889887513
105,violations,0.0012814670527809095
2561,agency,0.0012774255689998876
2212,city,0.0012604932930767008
2535,alpha,0.00124512241699038
17,xa0a,0.00124512241699038
282,terceiro,0.00124512241699038
2332,bra,0.0012445833528881534
354,students,0.0012295988496189385
2179,colleges,0.001201310236534402
2612,absentee,0.0011880729843165517
2441,attic,0.0011880729843165517
166,underpass,0.0011067754817692265
644,restriction,0.001095212725695384
1381,juniors,0.001095212725695384
2319,brighton,0.0010845508199641522
2337,bottles,0.0010759213552767577
2304,bu,0.0010463024640783502
284,tenants,0.0010451663746362718
1317,lee,0.0010163359384124456
812,properties,0.0010161339753408196
410,spotlight,0.0010075505209643373
597,roommates,0.001003944998554102
569,sanitary,0.0009953190390691589
1134,monoxide,0.0009953190390691589
1361,kowalcky,0.0009953190390691589
1591,hara,0.0009953190390691589
1034,nu,0.0009953190390691589
2388,bedrooms,0.0009695720167415634
1649,gerald,0.0009695720167415634
1971,detectors,0.0009695720167415634
150,universities,0.0009687985778503242
1460,inspect,0.0009328606079912683
1893,ebola,0.0009328606079912683
1326,leased,0.0009328606079912683
958,packing,0.0009328606079912683
355,student,0.000920797963077524
1353,landlord,0.0009017714444307563
2148,complaints,0.0009000043781590116
1144,mission,0.000862310440716105
987,ordinance,0.0008607370842214062
811,property,0.0008490963363229118
2402,basements,0.0008316510890215862
1083,neighborhoods,0.0008305056817777212
1903,duplexes,0.0008300816113269198
2255,casale,0.0008300816113269198
2277,calculus,0.0008300816113269198
605,rodents,0.0008300816113269198
2322,bridges,0.0008292094293255719
1712,flood,0.0008284660260618143
1904,dunn,0.0008214095442715379
400,staffing,0.0007647378702109055
2214,cited,0.0007362869191662464
1040,notorious,0.0007301418171302559
2032,davey,0.0007301418171302559
2265,cans,0.0007271790125561726
858,pratt,0.000712843790589931
2553,agreements,0.000712843790589931
1583,hazard,0.000712843790589931
589,rowdy,0.000712843790589931
1,zip,0.0007010097143599968
2422,axelrod,0.0006635460260461059
1844,enrollment,0.0006628277859211602
1528,housing,0.000655000612910816
2216,citations,0.0006463813444943756
2180,college,0.0006426044239214553
685,renters,0.000638874089988974
2132,conditions,0.0006387127844999438
263,thousand,0.0006302466465383504
2123,conservancy,0.0006219070719941788
2262,carbon,0.0006219070719941788
1122,mouse,0.0006219070719941788
1198,mattress,0.0006219070719941788
1524,hundred,0.0005993522030805881
120,valerie,0.0005940364921582759
1637,globe,0.000588551275369139
576,safety,0.000582713171986312
2560,agent,0.0005744507477983388
2037,database,0.0005735534026581792
787,quarters,0.0005657197058582516
1327,lease,0.0005657197058582516
1742,files,0.0005655836764325786
742,records,0.000554342426174639
1958,dingy,0.0005533877408846132
1079,neurological,0.0005533877408846132
1877,electronically,0.0005533877408846132
2076,cramming,0.0005533877408846132
1427,investigation,0.0005516155866135879
939,passengers,0.000551082549374351
106,violation,0.000551082549374351
2310,brokers,0.000547606362847692
415,spilled,0.000547606362847692
1150,misconduct,0.000547606362847692
62,wentworth,0.000547606362847692
1927,door,0.0005327663286731996
443,smoke,0.0005302622287369281
502,services,0.000516117380902162
2077,crammed,0.0005098252468072704
2219,chronic,0.0005098252468072704
1718,flames,0.0005091477352724265
2151,complain,0.0005091477352724265
1356,lamented,0.000502096632462487
2450,associate,0.0005009841357948646
2479,arbiter,0.0004976595195345794
1477,ineffectual,0.0004976595195345794
1607,guffaw,0.0004976595195345794
856,preclude,0.0004976595195345794
36,woodwork,0.0004976595195345794
570,sanitarian,0.0004976595195345794
1430,inundating,0.0004976595195345794
1429,invading,0.0004976595195345794
606,rodent,0.0004976595195345794
2470,armini,0.0004976595195345794
1573,heater,0.0004976595195345794
2390,bedbugs,0.0004976595195345794
348,sublet,0.0004976595195345794
1431,intuitive,0.0004976595195345794
1569,heedless,0.0004976595195345794
896,piss,0.0004976595195345794
1977,destabilized,0.0004976595195345794
1646,ghettos,0.0004976595195345794
607,robsham,0.0004976595195345794
824,prohibitively,0.0004976595195345794
1669,frightens,0.0004976595195345794
2524,amoeba,0.0004976595195345794
287,tempts,0.0004976595195345794
1095,ndimeo,0.0004976595195345794
64,welts,0.0004976595195345794
765,ratholes,0.0004976595195345794
678,repelled,0.0004976595195345794
255,throated,0.0004976595195345794
1846,enriching,0.0004976595195345794
2291,burrowed,0.0004976595195345794
250,tiger,0.0004976595195345794
1410,jabbed,0.0004976595195345794
246,timeframe,0.0004976595195345794
779,ra,0.0004976595195345794
1710,floorboards,0.0004976595195345794
1417,irritant,0.0004976595195345794
797,purring,0.0004976595195345794
1679,freakin,0.0004976595195345794
2278,calamities,0.0004976595195345794
1062,nirmal,0.0004976595195345794
1909,droppings,0.0004976595195345794
1993,dens,0.0004976595195345794
540,scruples,0.0004976595195345794
1954,directory,0.0004976595195345794
953,paradox,0.0004976595195345794
14,xa0illegal,0.0004976595195345794
11,xa0trailing,0.0004976595195345794
941,passageways,0.0004976595195345794
2413,banisters,0.0004976595195345794
2093,cosigners,0.0004976595195345794
1508,imperfect,0.0004976595195345794
9,yearning,0.0004976595195345794
2095,correspondent,0.0004976595195345794
2177,colloquially,0.0004976595195345794
454,sketching,0.0004976595195345794
2112,contemptuously,0.0004976595195345794
145,unload,0.0004976595195345794
969,overpacked,0.0004976595195345794
404,squalor,0.0004976595195345794
142,unpermitted,0.0004976595195345794
436,soleyn,0.0004976595195345794
2433,autler,0.0004976595195345794
136,untrustworthy,0.0004976595195345794
2135,concussions,0.0004976595195345794
2139,computerized,0.0004976595195345794
13,xa0overcrowding,0.0004976595195345794
705,reinspection,0.0004976595195345794
2207,clair,0.0004976595195345794
170,undercount,0.0004976595195345794
1435,intransigence,0.0004976595195345794
16,xa0along,0.0004976595195345794
15,xa0bu,0.0004976595195345794
378,stifle,0.0004976595195345794
689,rent,0.0004935507880226838
1424,investor,0.0004847860083707817
1114,multifamily,0.0004847860083707817
1055,noisy,0.0004847860083707817
185,two,0.0004770344689391931
2440,attics,0.0004752291937266207
541,screenings,0.0004752291937266207
700,relies,0.0004752291937266207
2038,data,0.0004683287631663385
1827,estate,0.00046617053758904963
1689,found,0.00046514536279173896
948,parties,0.00046451838872723185
1184,measure,0.00046451838872723185
1686,four,0.00046341665186643406
1138,mold,0.00045633863570640996
2305,bryan,0.00045633863570640996
285,tenant,0.00045257576468660135
510,september,0.00045168642132748356
2521,analysis,0.00045088572221537815
440,soared,0.0004460970909563616
1512,illegally,0.00044188519061410684
2339,bottle,0.00044188519061410684
828,profits,0.0004303685421107031
2009,deckers,0.0004303685421107031
2566,aftermath,0.0004303685421107031
829,profitable,0.0004303685421107031
2342,boston,0.0004287271809453507
1273,living,0.00042634331971711935
2,zero,0.0004201644310255669
643,result,0.0004190309986225134
922,percent,0.00041768155026196966
1213,market,0.00041622369427593716
1031,number,0.0004152528408888606
1365,knob,0.0004150408056634599
2303,budged,0.0004150408056634599
1843,enrollments,0.0004150408056634599
426,sororities,0.0004150408056634599
550,scofflaw,0.0004150408056634599
1366,knifepoint,0.0004150408056634599
690,reneging,0.0004150408056634599
1833,eradicate,0.0004150408056634599
1152,minors,0.0004150408056634599
25,worthless,0.0004150408056634599
659,reside,0.0004150408056634599
577,safeguard,0.0004150408056634599
2257,carve,0.0004150408056634599
1163,mice,0.0004150408056634599
1277,livable,0.0004150408056634599
2311,brokered,0.0004150408056634599
1236,magnets,0.0004150408056634599
2045,dampen,0.0004150408056634599
626,riddle,0.0004150408056634599
1340,lawfully,0.0004150408056634599
347,subletting,0.0004150408056634599
1864,enacting,0.0004150408056634599
452,slaps,0.0004150408056634599
1189,meade,0.0004150408056634599
1860,endangerment,0.0004150408056634599
2025,deadlock,0.0004150408056634599
1861,endangering,0.0004150408056634599
1618,greed,0.0004150408056634599
97,voicemail,0.0004150408056634599
2519,anemic,0.0004150408056634599
774,raking,0.0004150408056634599
2401,bash,0.0004150408056634599
1572,heaters,0.0004150408056634599
2376,benchmarks,0.0004150408056634599
232,toned,0.0004150408056634599
2409,barricaded,0.0004150408056634599
1659,garret,0.0004150408056634599
1033,nudging,0.0004150408056634599
767,rarities,0.0004150408056634599
171,underage,0.0004150408056634599
1681,fraternities,0.0004150408056634599
2414,banister,0.0004150408056634599
1509,impediment,0.0004150408056634599
1616,grievous,0.0004150408056634599
1740,filthy,0.0004150408056634599
1506,import,0.0004150408056634599
1680,frayed,0.0004150408056634599
1378,keg,0.0004150408056634599
210,trap,0.0004150408056634599
143,unpacked,0.0004150408056634599
141,unplanned,0.0004150408056634599
1486,incursions,0.0004150408056634599
972,overheated,0.0004150408056634599
1584,hauled,0.0004150408056634599
1475,infestation,0.0004150408056634599
978,outpaced,0.0004150408056634599
1411,itchy,0.0004150408056634599
2050,cyclists,0.00041460471466278593
1806,exclude,0.00041460471466278593
1010,officials,0.00040818878775601583
1721,five,0.00040780665364246197
1255,lopez,0.00040398834030898475
925,pedestrians,0.00040398834030898475
839,privacy,0.0004007873086358917
1265,logan,0.0004007873086358917
2407,barry,0.0004007873086358917
954,paper,0.0004007873086358917
1248,loud,0.0003976966715526961
2313,broken,0.0003976966715526961
1015,offenders,0.00039600379410077615
709,regulators,0.00039600379410077615
318,surveyed,0.00039600379410077615
2497,apartment,0.0003954488762593571
1529,houses,0.0003943821163506008
1084,neighborhood,0.0003892032627441081
153,unit,0.00038292579873386214
1856,enforce,0.00038236893510545277
1268,lock,0.00038236893510545277
1532,housed,0.00038236893510545277
1724,fisher,0.00038236893510545277
2403,basement,0.0003709030598011819
257,three,0.00037073332149314725
1003,one,0.0003653238654534327
2215,cite,0.00036507090856512797
1148,mismanagement,0.00036507090856512797
1764,fares,0.00036507090856512797
845,pretend,0.00036507090856512797
109,violate,0.00036507090856512797
1325,leases,0.00036507090856512797
598,roommate,0.00036507090856512797
1683,fraction,0.0003586404517589193
169,undergrads,0.0003564218952949655
1028,nwithin,0.0003564218952949655
1328,leaps,0.0003564218952949655
1032,nuisance,0.0003564218952949655
2043,dangerously,0.0003564218952949655
110,vigorously,0.0003564218952949655
2069,creeping,0.0003564218952949655
1831,escalation,0.0003564218952949655
1238,maddening,0.0003564218952949655
2059,crowding,0.0003564218952949655
157,unfulfilled,0.0003564218952949655
12,xa0the,0.0003564218952949655
2115,consulted,0.0003564218952949655
1480,induced,0.0003564218952949655
1375,kidding,0.0003564218952949655
1767,fanned,0.0003564218952949655
1193,maze,0.0003564218952949655
2130,conducts,0.0003564218952949655
1368,kitty,0.0003564218952949655
2611,absolute,0.0003564218952949655
964,overstuffed,0.0003564218952949655
1024,obstructed,0.0003564218952949655
734,redeemed,0.0003564218952949655
442,smoky,0.0003564218952949655
736,redeem,0.0003564218952949655
2416,balconies,0.0003564218952949655
288,temptation,0.0003564218952949655
764,rats,0.0003564218952949655
163,understaffed,0.0003564218952949655
370,stow,0.0003564218952949655
2602,accomplice,0.0003564218952949655
2026,deadlines,0.0003564218952949655
904,phalanx,0.0003564218952949655
215,tragically,0.0003564218952949655
2489,applaud,0.0003564218952949655
1051,nonexistent,0.0003564218952949655
2502,anwar,0.0003564218952949655
417,speculators,0.0003564218952949655
313,switched,0.0003564218952949655
310,sympathize,0.0003564218952949655
1682,fractured,0.0003564218952949655
2349,blossomed,0.0003564218952949655
1568,heel,0.0003564218952949655
1558,hilly,0.0003564218952949655
1953,disagreements,0.0003564218952949655
543,scrapped,0.0003564218952949655
906,pests,0.0003564218952949655
320,surrounds,0.0003564218952949655
524,seep,0.0003564218952949655
1433,intruder,0.0003564218952949655
253,thwarted,0.0003564218952949655
2408,barring,0.0003564218952949655
1717,fleeting,0.0003564218952949655
1382,junior,0.00035350815249128543
2220,christopher,0.00035350815249128543
1347,last,0.00035219665541848987
2559,agents,0.00035068889505640523
2267,campuses,0.00035068889505640523
1423,investors,0.00034876748802611674
283,tens,0.00034876748802611674
820,promised,0.00034838879154542386
683,rents,0.00034838879154542386
149,university,0.000339838878035385
593,ross,0.00033943182351495096
1457,inspection,0.00033943182351495096
1917,downstairs,0.00033943182351495096
2397,bathroom,0.0003371845998192563
1403,jitney,0.00033177301302305296
2331,brasfield,0.00033177301302305296
1140,modupe,0.00033177301302305296
1129,moorehead,0.00033177301302305296
65,wellington,0.00033177301302305296
2040,darke,0.00033177301302305296
1571,heathrow,0.00033177301302305296
1254,lopezes,0.00033177301302305296
520,semester,0.0003231906722471878
1135,monitors,0.0003231906722471878
0,zoning,0.00032043546953486313
1522,huntington,0.000318640779254544
1336,lawsuits,0.000318640779254544
624,riders,0.000318640779254544
187,twenty,0.0003151233232691752
1094,near,0.00031326116269647723
655,residents,0.0003114396306666455
1359,kristen,0.0003109535359970894
2571,aesthetic,0.0003109535359970894
301,tan,0.0003109535359970894
2295,burden,0.0003109535359970894
652,resonate,0.0003109535359970894
2286,bust,0.0003109535359970894
629,ribs,0.0003109535359970894
321,surround,0.0003109535359970894
324,surging,0.0003109535359970894
604,rodrigues,0.0003109535359970894
1931,dominant,0.0003109535359970894
281,terminate,0.0003109535359970894
1940,disregard,0.0003109535359970894
2249,categories,0.0003109535359970894
1146,misses,0.0003109535359970894
2582,adjusted,0.0003109535359970894
549,scooped,0.0003109535359970894
1980,designate,0.0003109535359970894
1289,linger,0.0003109535359970894
2002,defy,0.0003109535359970894
519,semesters,0.0003109535359970894
2217,citation,0.0003109535359970894
2198,clearer,0.0003109535359970894
681,repaired,0.0003109535359970894
1800,exits,0.0003109535359970894
691,rendered,0.0003109535359970894
861,powerless,0.0003109535359970894
146,unlimited,0.0003109535359970894
1000,op,0.0003109535359970894
1458,inspecting,0.0003109535359970894
2446,assurances,0.0003109535359970894
1521,huskies,0.0003109535359970894
1445,intensify,0.0003109535359970894
918,peril,0.0003109535359970894
1567,heels,0.0003109535359970894
2461,ashes,0.0003109535359970894
104,violators,0.0003109535359970894
871,porches,0.0003109535359970894
1656,gears,0.0003109535359970894
480,shortfall,0.0003109535359970894
1420,ire,0.0003109535359970894
1668,frigid,0.0003109535359970894
1675,freely,0.0003109535359970894
2504,antiquated,0.0003109535359970894
2347,bluestone,0.0003109535359970894
240,tipping,0.0003109535359970894
1407,jailed,0.0003109535359970894
2506,antics,0.0003109535359970894
2327,breathtaking,0.0003109535359970894
732,redemption,0.0003109535359970894
711,regulation,0.0003109535359970894
2191,clustered,0.0003109535359970894
1478,ineffective,0.0003109535359970894
1220,manicured,0.0003109535359970894
397,stanch,0.0003109535359970894
444,smiles,0.0003109535359970894
2160,commonplace,0.0003109535359970894
408,spotting,0.0003109535359970894
2101,cord,0.0003109535359970894
445,smelled,0.0003109535359970894
453,skyrocketed,0.0003109535359970894
2175,combating,0.0003109535359970894
1197,maximize,0.0003109535359970894
591,routes,0.00031001554491210374
662,requiring,0.00030931963342987475
2400,basic,0.00030931963342987475
368,street,0.0003089444345776227
961,owners,0.0003079680145414661
2387,beds,0.0003034661398373307
2549,airport,0.0003034661398373307
2141,compromise,0.0003005904814769187
1442,internal,0.0003005904814769187
1887,effects,0.0003005904814769187
585,rule,0.00029968105987867476
833,problems,0.00029846297938886855
1559,hill,0.0002965866571945178
1513,illegal,0.0002957865872629506
2159,commonwealth,0.0002957865872629506
628,rich,0.0002957865872629506
1533,house,0.0002904077685029654
962,owner,0.000287436813572035
942,passage,0.00028691236140713545
819,promises,0.00028691236140713545
1384,jumping,0.00028691236140713545
1585,haul,0.00028691236140713545
695,remedy,0.00028691236140713545
1256,loose,0.00028691236140713545
1085,neglect,0.00028691236140713545
2299,buildings,0.0002854863281110917
760,real,0.0002847828751786157
1218,many,0.0002842288798114129
2097,corporation,0.0002828598529291258
458,six,0.00027804999111986044
1354,landfills,0.0002766938704423066
2338,bottled,0.0002766938704423066
1399,joggers,0.0002766938704423066
1190,mclaughlin,0.0002766938704423066
850,presentation,0.000273803181423846
1808,exchanged,0.000273803181423846
2306,brutally,0.000273803181423846
2613,absence,0.000273803181423846
1372,kim,0.000273803181423846
965,oversight,0.000273803181423846
1660,gardner,0.000273803181423846
722,regard,0.000273803181423846
556,scarred,0.000273803181423846
2033,daunting,0.000273803181423846
1837,enveloped,0.000273803181423846
462,sink,0.000273803181423846
158,unfolding,0.000273803181423846
1749,fiery,0.000273803181423846
159,unfair,0.000273803181423846
2607,acceptable,0.000273803181423846
2039,darker,0.000273803181423846
854,premises,0.000273803181423846
571,sand,0.000273803181423846
857,precisely,0.000273803181423846
2396,battered,0.000273803181423846
189,turnover,0.000273803181423846
1919,doubling,0.000273803181423846
980,outlook,0.000273803181423846
2225,chestnut,0.000273803181423846
2178,collision,0.000273803181423846
2377,belongings,0.000273803181423846
2547,alarmed,0.000273803181423846
1588,harrowing,0.000273803181423846
137,unsuccessfully,0.000273803181423846
2229,charred,0.000273803181423846
1879,elbow,0.000273803181423846
1206,match,0.0002712636017980908
319,survey,0.0002712636017980908
1752,fenway,0.00026690561260260396
87,walsh,0.00026569221373675555
200,triple,0.0002651311143684641
1485,indeed,0.0002651311143684641
986,ordinary,0.0002651311143684641
182,typical,0.0002651311143684641
1021,obvious,0.0002651311143684641
1763,fatal,0.00026129159365906795
1425,investment,0.00026129159365906795
693,reminded,0.00026129159365906795
1731,fire,0.00025953302555553793
1829,escaped,0.0002549126234036352
2520,anderson,0.0002549126234036352
1732,fines,0.0002549126234036352
1546,homeowners,0.0002549126234036352
2144,comply,0.0002504920678974323
2301,build,0.0002468118251548003
1121,move,0.000246556374277761
975,overall,0.0002464888227191255
595,rosemary,0.00024239300418539084
601,rooftops,0.00024239300418539084
2373,berklee,0.00024239300418539084
1627,gordon,0.00024239300418539084
1983,descended,0.00024239300418539084
2297,bump,0.00024239300418539084
2426,await,0.00024239300418539084
874,populated,0.00024239300418539084
2287,businessman,0.00024239300418539084
5,ymca,0.00024239300418539084
1911,driscoll,0.00024239300418539084
1587,harsh,0.00024239300418539084
365,strikes,0.00024239300418539084
23,wrist,0.00024239300418539084
1025,objections,0.00024239300418539084
1885,egregious,0.00024239300418539084
513,sentiment,0.00024239300418539084
222,traced,0.00024239300418539084
769,raped,0.00024239300418539084
993,oppose,0.00024239300418539084
1970,deteriorated,0.00024239300418539084
746,reconsider,0.00024239300418539084
748,reckless,0.00024239300418539084
558,scant,0.00024239300418539084
2246,ceiling,0.00024239300418539084
1472,inflation,0.00024239300418539084
805,protocols,0.00024239300418539084
1934,documented,0.00024239300418539084
2119,construct,0.00024239300418539084
2256,carved,0.00024239300418539084
1014,offending,0.00024239300418539084
759,realistic,0.00024239300418539084
2370,beverage,0.00023761459686331035
2369,beverages,0.00023761459686331035
2548,airports,0.00023761459686331035
2300,building,0.0002373190626488464
1081,neither,0.0002360292198734794
1854,enforcement,0.0002360292198734794
507,serious,0.00023308526879452481
19,wrote,0.00023308526879452481
1022,obtained,0.0002325116586840778
1153,mine,0.0002325116586840778
2328,breaking,0.0002325116586840778
1267,locked,0.0002325116586840778
338,suffering,0.0002325116586840778
2570,affairs,0.0002325116586840778
1042,noticed,0.0002325116586840778
1181,median,0.0002325116586840778
2410,barely,0.0002325116586840778
498,seven,0.0002286188815874408
1883,eight,0.0002286188815874408
208,trauma,0.00022628788234330067
1072,nick,0.00022628788234330067
1826,estimate,0.00022628788234330067
966,oversees,0.00022628788234330067
2351,blind,0.00022628788234330067
1730,fires,0.00022628788234330067
1757,fed,0.00022628788234330067
2603,accommodate,0.00022628788234330067
1949,disclosed,0.00022628788234330067
2138,concerned,0.00022584321066374178
221,track,0.00022584321066374178
596,rooms,0.00022183994044721296
612,river,0.00022183994044721296
49,willing,0.00022183994044721296
488,sharing,0.00022183994044721296
2213,citing,0.00022094259530705342
1393,josh,0.00022094259530705342
213,transit,0.00022094259530705342
1156,million,0.0002206030717222072
24,would,0.00021738279597229053
963,owned,0.0002164363210234873
2334,boundaries,0.00021518427105535155
1713,flights,0.00021518427105535155
346,submit,0.00021518427105535155
1066,nightmare,0.00021518427105535155
632,reviewed,0.00021518427105535155
2354,blamed,0.00021518427105535155
1944,dispatched,0.00021518427105535155
1651,gentle,0.00021518427105535155
1692,fortunes,0.00021518427105535155
1894,eaten,0.00021518427105535155
469,signaling,0.00021518427105535155
864,pouring,0.00021518427105535155
679,repeat,0.00021518427105535155
889,planners,0.00021518427105535155
1027,object,0.00021518427105535155
914,permitted,0.00021518427105535155
180,u2002,0.00021518427105535155
1016,odd,0.00021518427105535155
174,unaware,0.00021518427105535155
2145,complexes,0.00021518427105535155
492,shadows,0.00021518427105535155
485,shifting,0.00021518427105535155
140,unsafe,0.00021518427105535155
132,upstairs,0.00021518427105535155
1992,densely,0.00021518427105535155
2353,blared,0.00021518427105535155
1863,enclaves,0.00021518427105535155
1878,electrical,0.00021518427105535155
1906,dukakis,0.00021518427105535155
1866,enabled,0.00021518427105535155
394,stared,0.00021518427105535155
1913,draws,0.00021518427105535155
44,wire,0.00021518427105535155
1341,law,0.00020884077513098483
1711,floor,0.0002076264204444303
1972,detect,0.00020730235733139297
1209,massdot,0.00020730235733139297
1068,nigeria,0.00020730235733139297
2114,container,0.00020730235733139297
1945,dishwasher,0.00020730235733139297
908,pesaturo,0.00020730235733139297
156,unintended,0.00020730235733139297
1145,missing,0.00020531200969431073
821,promise,0.00020322679506816393
1557,hire,0.00020322679506816393
671,representative,0.00020322679506816393
1505,impossible,0.00020322679506816393
2580,administrative,0.00020231075989155377
493,shadow,0.00020231075989155377
2472,argued,0.00020231075989155377
1104,nand,0.00020231075989155377
1450,instance,0.00020231075989155377
37,wood,0.00020231075989155377
899,pickup,0.00020039365431794584
2185,collapsed,0.00020039365431794584
1851,engineering,0.00020039365431794584
1896,ease,0.00020039365431794584
2415,ballot,0.00020039365431794584
2509,answers,0.00020039365431794584
2137,concerns,0.00019978737325244983
1900,earlier,0.00019978737325244983
1545,homes,0.00019978737325244983
1082,neighbors,0.00019934801262503097
1579,health,0.00019934801262503097
2089,could,0.00019772443812967854
2569,afford,0.0001971910581753004
1674,frequently,0.0001971910581753004
1294,limited,0.0001971910581753004
1871,emergency,0.0001971910581753004
1548,home,0.00019154554943812607
849,presenting,0.00019118446755272638
214,transforming,0.00019118446755272638
1943,displaced,0.00019118446755272638
176,unacceptable,0.00019118446755272638
2079,crack,0.00019118446755272638
1566,heights,0.00019118446755272638
890,planner,0.00019118446755272638
2455,asserted,0.00019118446755272638
1461,insists,0.00019118446755272638
173,uncommon,0.00019118446755272638
1907,drunk,0.00019118446755272638
1609,guarantee,0.00019118446755272638
233,toll,0.00019118446755272638
753,reasonable,0.00019118446755272638
322,surprisingly,0.00019118446755272638
1617,greet,0.00019118446755272638
2357,bitter,0.00019118446755272638
1454,inspector,0.00019118446755272638
351,stupid,0.00019118446755272638
654,resist,0.00019118446755272638
1052,nonetheless,0.00019118446755272638
1292,linda,0.00019118446755272638
1426,investing,0.00019118446755272638
309,symptoms,0.00019118446755272638
2478,archdiocese,0.00019118446755272638
340,sued,0.00019118446755272638
2234,chaotic,0.00019118446755272638
687,rentals,0.00019118446755272638
1802,exist,0.00019118446755272638
391,startled,0.00019118446755272638
1791,expenses,0.00019118446755272638
588,rows,0.00019118446755272638
76,waved,0.00019118446755272638
738,recycling,0.00019118446755272638
41,within,0.00018985525011907715
1774,fall,0.00018985525011907715
286,ten,0.00018536666074657363
1092,nearly,0.00018536666074657363
1747,fifty,0.00018536666074657363
2586,additional,0.00018478080872487966
2555,agreed,0.00018313842548141234
1222,manager,0.00018313842548141234
290,temperature,0.00018253545428256399
557,scare,0.00018253545428256399
2412,banning,0.00018253545428256399
2092,cost,0.00018167311788887654
2429,avenue,0.0001803624876131233
1886,efforts,0.0001803624876131233
717,registered,0.00017675407624564272
1239,machine,0.00017675407624564272
911,perspective,0.00017675407624564272
1852,engagement,0.00017675407624564272
2510,answered,0.00017675407624564272
1515,ignore,0.00017675407624564272
710,regulations,0.00017675407624564272
2473,argue,0.00017675407624564272
592,roughly,0.00017419439577271193
2335,bought,0.00017419439577271193
807,protect,0.00017419439577271193
2355,blame,0.00017419439577271193
275,theater,0.00017419439577271193
1338,laws,0.00017419439577271193
1075,next,0.0001730088833634687
1733,fine,0.00017254217590338786
521,sell,0.00017254217590338786
259,threatening,0.00017254217590338786
2314,broke,0.00017254217590338786
262,thousands,0.0001708697251071694
834,problem,0.0001708697251071694
1771,false,0.00016971591175747548
2110,contributing,0.00016971591175747548
279,terry,0.00016971591175747548
743,recorded,0.00016971591175747548
335,suggest,0.00016971591175747548
2578,admit,0.00016971591175747548
1437,interviewed,0.00016971591175747548
1789,exploded,0.00016971591175747548
2090,couch,0.00016971591175747548
590,routinely,0.00016971591175747548
1303,lexington,0.00016971591175747548
1788,extension,0.00016971591175747548
1232,mails,0.00016971591175747548
2120,constant,0.00016971591175747548
1653,generated,0.00016971591175747548
2080,covering,0.00016971591175747548
2352,blended,0.00016971591175747548
2312,broker,0.00016971591175747548
1870,emerson,0.00016971591175747548
2034,dates,0.00016971591175747548
770,ranging,0.00016971591175747548
241,tip,0.00016971591175747548
135,unveiled,0.00016971591175747548
2010,deck,0.00016971591175747548
910,persuade,0.00016971591175747548
1722,fitzgerald,0.00016971591175747548
1951,disaster,0.00016971591175747548
2170,comments,0.00016971591175747548
1811,examined,0.00016971591175747548
1755,fee,0.00016971591175747548
1484,independence,0.00016971591175747548
2606,accepted,0.00016971591175747548
300,tapped,0.00016971591175747548
1942,dispute,0.00016971591175747548
2104,converted,0.00016971591175747548
1708,flow,0.00016971591175747548
781,quietly,0.00016971591175747548
2000,delayed,0.00016971591175747548
437,soil,0.00016971591175747548
83,warrant,0.00016971591175747548
427,sophomore,0.00016971591175747548
1920,doubled,0.00016971591175747548
1523,hundreds,0.00016869646661109964
731,redevelopment,0.00016859229990962815
2150,complained,0.00016859229990962815
1466,initiative,0.00016859229990962815
1797,expanding,0.00016859229990962815
2183,collected,0.00016859229990962815
383,stephen,0.00016859229990962815
2118,construction,0.00016648947771037486
100,visited,0.00016648947771037486
2162,common,0.00016648947771037486
115,verseckes,0.00016588650651152648
2462,ashenmiller,0.00016588650651152648
1936,disturb,0.00016588650651152648
2200,cleanliness,0.00016588650651152648
1396,jonesworked,0.00016588650651152648
2609,abutment,0.00016588650651152648
1996,demote,0.00016588650651152648
2269,campisano,0.00016588650651152648
1170,mentioning,0.00016588650651152648
121,vacuuming,0.00016588650651152648
1452,inspects,0.00016588650651152648
330,supervise,0.00016588650651152648
1020,occidental,0.00016588650651152648
2206,clarified,0.00016588650651152648
1596,handrails,0.00016588650651152648
2149,complains,0.00016588650651152648
1037,npreviously,0.00016588650651152648
1360,krefetz,0.00016588650651152648
1215,marcio,0.00016588650651152648
1287,lisbon,0.00016588650651152648
1271,loath,0.00016588650651152648
583,rummage,0.00016588650651152648
745,reconstructed,0.00016588650651152648
363,stringently,0.00016588650651152648
2378,belokurova,0.00016588650651152648
1404,janitorial,0.00016588650651152648
1312,lenient,0.00016588650651152648
1678,freda,0.00016588650651152648
1418,irresponsible,0.00016588650651152648
971,overloaded,0.00016588650651152648
314,swett,0.00016588650651152648
2058,crunches,0.00016588650651152648
1097,ncommissioner,0.00016588650651152648
1416,isd,0.00016588650651152648
2062,crossings,0.00016588650651152648
1071,nickels,0.00016588650651152648
2152,compiles,0.00016588650651152648
138,unsatisfied,0.00016588650651152648
1933,domenitz,0.00016588650651152648
2057,culprits,0.00016588650651152648
1073,nheather,0.00016588650651152648
1707,flunk,0.00016588650651152648
1074,nglascock,0.00016588650651152648
1853,enforces,0.00016588650651152648
2251,cassani,0.00016588650651152648
1406,jambs,0.00016588650651152648
2608,abutments,0.00016588650651152648
735,redeemable,0.00016588650651152648
1395,joohmahn,0.00016588650651152648
2427,avert,0.00016588650651152648
2503,ants,0.00016588650651152648
1652,genia,0.00016588650651152648
2359,bins,0.00016588650651152648
1212,marketed,0.00016588650651152648
714,regressive,0.00016588650651152648
1645,giambusso,0.00016588650651152648
2368,bevin,0.00016588650651152648
545,scouring,0.00016588650651152648
1474,infestations,0.00016588650651152648
1832,erico,0.00016588650651152648
544,scours,0.00016588650651152648
1059,nmassdot,0.00016588650651152648
724,refunds,0.00016588650651152648
211,transportation,0.00016424960775544858
2044,dangerous,0.00016424960775544858
1738,finalized,0.0001615953361235939
2102,coolidge,0.0001615953361235939
59,wgbh,0.0001615953361235939
1986,deposit,0.0001615953361235939
2604,accidents,0.0001615953361235939
2457,asked,0.00016137696260121556
1064,nine,0.00016065110598036383
843,price,0.00015571981533332274
2088,council,0.00015571981533332274
70,weeks,0.00015571981533332274
1019,occupied,0.00015500777245605187
635,returning,0.00015500777245605187
1790,expensive,0.00015500777245605187
2210,civic,0.00015500777245605187
418,specific,0.00015500777245605187
2131,conducted,0.00015500777245605187
1171,mention,0.00015500777245605187
209,trash,0.00015500777245605187
2264,capacity,0.00015500777245605187
1422,invited,0.00015500777245605187
60,western,0.00015500777245605187
1818,every,0.00015447221728881135
1955,director,0.00015447221728881135
562,say,0.00015447221728881135
1991,department,0.0001518842000952617
1691,forty,0.0001518842000952617
1350,large,0.0001518842000952617
2595,across,0.0001518842000952617
10,year,0.0001509602749807573
2544,alike,0.00015029524073845936
1284,listen,0.00015029524073845936
680,repairs,0.00015029524073845936
205,travelers,0.00015029524073845936
66,wellesley,0.00015029524073845936
481,shortage,0.00015029524073845936
855,prefer,0.00015029524073845936
28,worries,0.00015029524073845936
634,revealed,0.00015029524073845936
2192,closest,0.00015029524073845936
960,ownership,0.00015029524073845936
614,ritual,0.00015029524073845936
817,promote,0.00015029524073845936
494,severe,0.00015029524073845936
270,thirds,0.00015029524073845936
2423,awful,0.00015029524073845936
686,rented,0.00015029524073845936
2108,controlled,0.00015029524073845936
930,patrol,0.00015029524073845936
1023,obtain,0.00015029524073845936
2281,cabinet,0.00015029524073845936
1997,demanded,0.00015029524073845936
657,residences,0.00015029524073845936
193,tuition,0.00015029524073845936
1941,disputed,0.00015029524073845936
938,passes,0.00015029524073845936
1570,heavily,0.00015029524073845936
199,trips,0.00015029524073845936
610,road,0.00014984052993933738
2273,calls,0.00014984052993933738
2253,cases,0.00014984052993933738
1748,fifteen,0.0001482933285972589
673,reporters,0.0001478932936314753
809,proposal,0.0001478932936314753
917,period,0.0001478932936314753
2316,brings,0.0001478932936314753
2365,bigger,0.0001478932936314753
1007,ok,0.0001478932936314753
2492,appear,0.0001478932936314753
842,prices,0.0001478932936314753
1379,keeping,0.00014516199647725996
2276,california,0.00014516199647725996
927,paying,0.00014516199647725996
2231,charles,0.0001437184067860175
323,surprised,0.0001437184067860175
2541,allow,0.0001437184067860175
1029,nwhen,0.0001437184067860175
2452,assistant,0.0001437184067860175
2091,costs,0.0001437184067860175
1560,higher,0.0001437184067860175
1476,infectious,0.00014345618070356773
2543,allen,0.00014345618070356773
228,totaling,0.00014345618070356773
653,resisted,0.00014345618070356773
1988,depending,0.00014345618070356773
903,phase,0.00014345618070356773
160,unemployed,0.00014345618070356773
1912,drinks,0.00014345618070356773
1644,gill,0.00014345618070356773
2134,condemned,0.00014345618070356773
79,water,0.00014274316405554584
802,provided,0.00014274316405554584
2017,decade,0.00014274316405554584
2223,chief,0.00014274316405554584
1756,federal,0.00014274316405554584
2288,business,0.00014239143758930785
271,third,0.00014239143758930785
533,second,0.00014239143758930785
928,pay,0.00014239143758930785
1276,live,0.00014211443990570644
269,thirteen,0.00014211443990570644
924,people,0.00014211443990570644
801,public,0.00014211443990570644
295,team,0.00014211443990570644
2542,alleys,0.0001383469352211533
264,thoughtfully,0.0001383469352211533
740,recyclable,0.0001383469352211533
739,recycle,0.0001383469352211533
1729,firetrap,0.0001383469352211533
248,tiles,0.0001383469352211533
1060,nlandlords,0.0001383469352211533
2528,amending,0.0001383469352211533
1766,fanning,0.0001383469352211533
1421,ipads,0.0001383469352211533
721,regimen,0.0001383469352211533
2367,bicyclists,0.0001383469352211533
1103,nanita,0.0001383469352211533
707,rehabilitated,0.0001383469352211533
1685,foursquare,0.0001383469352211533
1419,iris,0.0001383469352211533
484,shoddy,0.0001383469352211533
1858,endure,0.0001383469352211533
547,scour,0.0001383469352211533
2186,cognizant,0.0001383469352211533
2015,deceitful,0.0001383469352211533
1995,demotion,0.0001383469352211533
1994,demurred,0.0001383469352211533
1279,littering,0.0001383469352211533
1288,liquid,0.0001383469352211533
2181,collects,0.0001383469352211533
1987,deplorable,0.0001383469352211533
1302,liberia,0.0001383469352211533
1939,dissatisfied,0.0001383469352211533
1242,lugging,0.0001383469352211533
2261,carbonated,0.0001383469352211533
470,sierra,0.0001383469352211533
2550,airplane,0.0001383469352211533
1128,mopping,0.0001383469352211533
638,retroactive,0.0001383469352211533
2280,cabinets,0.0001383469352211533
2103,conveyed,0.0001383469352211533
1643,giordano,0.0001383469352211533
1123,mounds,0.0001383469352211533
1482,indignities,0.0001383469352211533
733,redeeming,0.0001383469352211533
979,outmatched,0.0001383469352211533
2453,assigns,0.0001383469352211533
898,pickups,0.0001383469352211533
1507,implored,0.0001383469352211533
2399,basin,0.0001383469352211533
878,polluting,0.0001383469352211533
139,unsanitary,0.0001383469352211533
2434,authorization,0.0001383469352211533
1041,notifications,0.0001383469352211533
2419,backsplash,0.0001383469352211533
907,pest,0.0001383469352211533
1487,incubation,0.0001383469352211533
951,parkland,0.0001383469352211533
1432,intrusive,0.0001383469352211533
2432,automobile,0.0001383469352211533
955,pamphlets,0.0001383469352211533
2601,according,0.000135935551214154
4,young,0.000135935551214154
1496,including,0.000135935551214154
1798,expanded,0.0001348738399277025
1111,museum,0.0001348738399277025
1191,mccarthy,0.0001348738399277025
1901,eager,0.0001348738399277025
2562,agencies,0.0001348738399277025
2290,bus,0.0001348738399277025
1754,fees,0.0001348738399277025
1719,flag,0.0001348738399277025
718,register,0.0001348738399277025
1285,listed,0.0001348738399277025
2483,approval,0.0001348738399277025
473,shut,0.0001348738399277025
866,potential,0.0001331915821682999
2389,bedroom,0.0001331915821682999
1743,filed,0.0001331915821682999
1577,heard,0.0001331915821682999
892,plan,0.000132898675083354
881,police,0.000132898675083354
701,relief,0.00013256555718423204
1537,hosted,0.00013256555718423204
1819,everett,0.00013256555718423204
920,performed,0.00013256555718423204
1550,hole,0.00013256555718423204
2546,alcohol,0.00013256555718423204
984,outdoor,0.00013256555718423204
1489,increasingly,0.00013256555718423204
2005,defended,0.00013256555718423204
995,opponents,0.00013256555718423204
341,successfully,0.00013256555718423204
2584,addressed,0.00013256555718423204
1351,landscape,0.00013256555718423204
129,urging,0.00013256555718423204
804,proved,0.00013256555718423204
2420,backing,0.00013256555718423204
1654,generally,0.00013256555718423204
2122,conservative,0.00013256555718423204
103,virtually,0.00013256555718423204
202,trend,0.00013256555718423204
1194,mayors,0.00013256555718423204
2345,boom,0.00013256555718423204
2140,computer,0.00013256555718423204
1725,fiscal,0.00013256555718423204
472,shy,0.00013256555718423204
2320,brigham,0.00013256555718423204
755,rear,0.00013256555718423204
483,shore,0.00013256555718423204
1491,increase,0.00012976651277776897
2435,authority,0.00012976651277776897
1178,meeting,0.00012976651277776897
390,state,0.00012975666252260153
464,since,0.00012975666252260153
125,users,0.0001274563117018176
1761,fault,0.0001274563117018176
2242,cents,0.0001274563117018176
2006,defendants,0.0001274563117018176
277,testify,0.0001274563117018176
913,permitting,0.0001274563117018176
296,taxi,0.0001274563117018176
1009,often,0.00012357777383104908
1275,lived,0.00012340591257740014
406,spring,0.00012340591257740014
2391,become,0.00012340591257740014
552,schools,0.00012340591257740014
177,unable,0.00012324441135956276
148,unless,0.00012324441135956276
1751,fewer,0.00012324441135956276
1408,jackson,0.00012324441135956276
808,proposed,0.00012324441135956276
1998,demand,0.00012324441135956276
2259,carry,0.00012324441135956276
584,rules,0.00012324441135956276
1623,graduate,0.00012318720581658643
353,study,0.00012318720581658643
357,struggled,0.00012318720581658643
1979,designed,0.00012318720581658643
499,settled,0.00012318720581658643
1231,main,0.00012318720581658643
2019,debate,0.00012318720581658643
1223,management,0.00012318720581658643
2087,councilor,0.00012318720581658643
2364,biggest,0.00012318720581658643
294,technology,0.00012318720581658643
1077,new,0.00012076821998460586
981,outlines,0.00011880729843165518
968,overreaction,0.00011880729843165518
1488,incredulous,0.00011880729843165518
405,sprinkled,0.00011880729843165518
1473,infested,0.00011880729843165518
1470,informational,0.00011880729843165518
1463,injuring,0.00011880729843165518
2230,charliecard,0.00011880729843165518
1280,litter,0.00011880729843165518
1243,lucas,0.00011880729843165518
312,switzerland,0.00011880729843165518
539,scrupulous,0.00011880729843165518
236,toilet,0.00011880729843165518
546,scoured,0.00011880729843165518
1090,necessities,0.00011880729843165518
108,violated,0.00011880729843165518
244,timetable,0.00011880729843165518
1715,flexible,0.00011880729843165518
1699,fonseca,0.00011880729843165518
1695,formalized,0.00011880729843165518
795,pushback,0.00011880729843165518
235,token,0.00011880729843165518
2532,alter,0.00011880729843165518
1038,nover,0.00011880729843165518
810,proponents,0.00011880729843165518
815,promotions,0.00011880729843165518
1665,fuentes,0.00011880729843165518
90,waiver,0.00011880729843165518
2490,appease,0.00011880729843165518
1589,harmful,0.00011880729843165518
1606,guinea,0.00011880729843165518
1562,hemenway,0.00011880729843165518
2143,complying,0.00011880729843165518
2279,cabs,0.00011880729843165518
611,roaches,0.00011880729843165518
599,rooming,0.00011880729843165518
1500,inadequate,0.00011880729843165518
706,rehabilitating,0.00011880729843165518
1139,mohammed,0.00011880729843165518
1311,leone,0.00011880729843165518
155,uninterrupted,0.00011880729843165518
172,uncovered,0.00011880729843165518
1517,ideally,0.00011880729843165518
117,vehicular,0.00011880729843165518
1118,movers,0.00011880729843165518
699,relocating,0.00011880729843165518
1925,doorstep,0.00011880729843165518
838,private,0.00011678986149999205
2589,added,0.00011678986149999205
1211,martin,0.00011678986149999205
2023,deal,0.00011678986149999205
1228,major,0.00011678986149999205
526,seemed,0.00011678986149999205
888,planning,0.00011678986149999205
1916,dozen,0.00011654263439726241
2350,block,0.00011654263439726241
1961,difficult,0.00011654263439726241
1612,growing,0.00011654263439726241
1728,firm,0.00011654263439726241
1441,international,0.00011654263439726241
1308,letter,0.00011654263439726241
873,population,0.00011654263439726241
578,safe,0.00011654263439726241
783,questions,0.00011654263439726241
198,trouble,0.00011654263439726241
71,weekend,0.00011654263439726241
2574,advantage,0.0001162558293420389
2382,behavior,0.0001162558293420389
1608,guests,0.0001162558293420389
2324,brick,0.0001162558293420389
2195,climbed,0.0001162558293420389
2610,abuse,0.0001162558293420389
2024,deadly,0.0001162558293420389
2021,dean,0.0001162558293420389
2008,decline,0.0001162558293420389
509,sergeant,0.0001162558293420389
2046,damage,0.0001162558293420389
22,writing,0.0001162558293420389
517,sending,0.0001162558293420389
2508,anthony,0.0001162558293420389
2209,claim,0.0001162558293420389
223,towns,0.0001162558293420389
2361,bills,0.0001162558293420389
1549,holy,0.0001162558293420389
1957,dining,0.0001162558293420389
2383,begins,0.0001162558293420389
1283,listing,0.0001162558293420389
2056,curb,0.0001162558293420389
317,susan,0.0001162558293420389
1720,fixed,0.0001162558293420389
729,reduced,0.0001162558293420389
1214,maria,0.0001162558293420389
1131,monthly,0.0001162558293420389
1216,marched,0.0001162558293420389
1337,lawsuit,0.0001162558293420389
2098,corp,0.0001162558293420389
1370,kinds,0.0001162558293420389
1102,nas,0.0001162558293420389
466,significantly,0.0001162558293420389
2081,covered,0.0001162558293420389
196,trucks,0.0001162558293420389
684,renting,0.0001162558293420389
2060,crowded,0.0001162558293420389
674,reporter,0.0001162558293420389
2494,apparent,0.0001162558293420389
2598,accused,0.00011612959718180796
2064,cross,0.00011612959718180796
2146,completed,0.00011612959718180796
763,reach,0.00011612959718180796
1192,mbta,0.00011612959718180796
203,treated,0.00011612959718180796
27,worse,0.00011612959718180796
615,risk,0.00011612959718180796
1784,eye,0.00011612959718180796
668,request,0.00011612959718180796
1824,even,0.00011472980898537556
8,years,0.00011472980898537556
1130,months,0.00011391315007144627
2153,company,0.00011391315007144627
1439,intersection,0.00011314394117165034
349,subject,0.00011314394117165034
316,suspected,0.00011314394117165034
247,time,0.0001117106034857604
456,sixty,0.00011121999644794418
1564,help,0.00011121999644794418
268,thirty,0.00010504110775639173
1226,make,0.00010504110775639173
553,school,0.00010504110775639173
2029,days,0.00010504110775639173
490,share,0.00010442038756549241
1162,michael,0.00010442038756549241
2371,better,0.00010442038756549241
2020,death,0.00010442038756549241
2538,almost,0.00010442038756549241
1495,income,0.00010442038756549241
1136,money,0.00010442038756549241
414,spokesman,0.00010381321022221515
1113,multiple,0.00010381321022221515
944,party,0.00010381321022221515
1471,information,0.00010381321022221515
852,prescription,0.00010365117866569648
758,realities,0.00010365117866569648
1974,destined,0.00010365117866569648
1985,deposits,0.00010365117866569648
967,overrun,0.00010365117866569648
419,spans,0.00010365117866569648
1905,dumpsters,0.00010365117866569648
982,outlets,0.00010365117866569648
992,opposing,0.00010365117866569648
2136,concession,0.00010365117866569648
1344,lauded,0.00010365117866569648
2296,bundle,0.00010365117866569648
441,soap,0.00010365117866569648
1867,enable,0.00010365117866569648
2448,associations,0.00010365117866569648
2451,assistants,0.00010365117866569648
1796,expands,0.00010365117866569648
1468,infractions,0.00010365117866569648
1658,gauge,0.00010365117866569648
835,proactively,0.00010365117866569648
1096,ndespite,0.00010365117866569648
836,proactive,0.00010365117866569648
622,rife,0.00010365117866569648
212,transport,0.00010365117866569648
2527,amenity,0.00010365117866569648
91,waived,0.00010365117866569648
1469,informing,0.00010365117866569648
331,supermarkets,0.00010365117866569648
1233,mailings,0.00010365117866569648
371,stove,0.00010365117866569648
647,response,0.00010265600484715537
1349,largely,0.00010265600484715537
2425,aware,0.00010265600484715537
793,pushing,0.00010265600484715537
1449,institute,0.00010265600484715537
2418,bad,0.00010265600484715537
786,question,0.00010265600484715537
2592,activities,0.00010115537994577688
818,promising,0.00010115537994577688
291,television,0.00010115537994577688
1990,departments,0.00010115537994577688
435,solution,0.00010115537994577688
2117,consultant,0.00010115537994577688
112,viewed,0.00010115537994577688
1385,jumped,0.00010115537994577688
1650,george,0.00010115537994577688
2498,anywhere,0.00010115537994577688
799,pulling,0.00010115537994577688
2208,claimed,0.00010115537994577688
1830,escape,0.00010115537994577688
1188,meal,0.00010115537994577688
292,telephone,0.00010115537994577688
2593,activists,0.00010115537994577688
1436,interviews,0.00010115537994577688
1295,limit,0.00010115537994577688
459,situation,0.00010115537994577688
2596,acquired,0.00010115537994577688
2460,asian,0.00010115537994577688
2128,confirmed,0.00010115537994577688
726,reflects,0.00010115537994577688
501,session,0.00010115537994577688
2417,balance,0.00010115537994577688
2218,circle,0.00010115537994577688
776,rain,0.00010115537994577688
2196,clerk,0.00010115537994577688
2184,colleague,0.00010115537994577688
1056,noise,0.00010115537994577688
991,opposition,0.00010115537994577688
2211,citywide,0.00010115537994577688
719,regional,0.00010115537994577688
1574,heat,0.00010115537994577688
2203,classroom,0.00010115537994577688
579,rushed,0.00010115537994577688
1143,mit,0.00010115537994577688
1230,maintains,0.00010019682715897292
344,subway,0.00010019682715897292
945,partnership,0.00010019682715897292
778,radio,0.00010019682715897292
1716,flew,0.00010019682715897292
1343,launch,0.00010019682715897292
2476,architecture,0.00010019682715897292
239,tobin,0.00010019682715897292
96,volume,0.00010019682715897292
1526,huge,9.989368662622491e-05
1383,june,9.989368662622491e-05
1938,distance,9.989368662622491e-05
88,walking,9.989368662622491e-05
2480,april,9.989368662622491e-05
1576,hearing,9.989368662622491e-05
2167,commissioner,9.989368662622491e-05
867,post,9.989368662622491e-05
1778,failed,9.989368662622491e-05
761,ready,9.989368662622491e-05
2540,allowed,9.989368662622491e-05
697,remain,9.989368662622491e-05
518,send,9.989368662622491e-05
2421,back,9.886221906483927e-05
1323,least,9.886221906483927e-05
785,questioned,9.85955290876502e-05
1481,individual,9.85955290876502e-05
891,planned,9.85955290876502e-05
794,pushed,9.85955290876502e-05
181,typically,9.85955290876502e-05
2085,counter,9.85955290876502e-05
663,requires,9.85955290876502e-05
1794,expect,9.85955290876502e-05
831,produce,9.85955290876502e-05
2263,capital,9.85955290876502e-05
847,press,9.85955290876502e-05
1621,gray,9.85955290876502e-05
771,range,9.85955290876502e-05
495,several,9.492762505953857e-05
2194,close,9.492762505953857e-05
1132,month,9.492762505953857e-05
823,project,9.492762505953857e-05
1235,mail,9.492762505953857e-05
1726,first,9.359537048806952e-05
67,well,9.268333037328681e-05
463,single,9.268333037328681e-05
1604,half,9.268333037328681e-05
2156,community,9.268333037328681e-05
639,retirees,9.126772714128199e-05
122,utilities,9.126772714128199e-05
1930,donahue,9.126772714128199e-05
133,upkeep,9.126772714128199e-05
2227,checkout,9.126772714128199e-05
2329,breakdown,9.126772714128199e-05
1705,fm,9.126772714128199e-05
1169,mercedes,9.126772714128199e-05
741,recreational,9.126772714128199e-05
728,reductions,9.126772714128199e-05
175,unaffordable,9.126772714128199e-05
179,uber,9.126772714128199e-05
1240,lynnfield,9.126772714128199e-05
1266,locks,9.126772714128199e-05
2495,appalled,9.126772714128199e-05
534,seating,9.126772714128199e-05
1539,hopkinton,9.126772714128199e-05
2239,championed,9.126772714128199e-05
1812,examine,9.126772714128199e-05
1855,enforced,9.126772714128199e-05
2344,boon,9.126772714128199e-05
1975,destinations,9.126772714128199e-05
1804,exempt,9.126772714128199e-05
1964,diapers,9.126772714128199e-05
2309,brookings,9.126772714128199e-05
2575,advancing,9.126772714128199e-05
1058,nmayor,9.126772714128199e-05
2113,containers,9.126772714128199e-05
455,sketch,9.126772714128199e-05
54,wi,9.126772714128199e-05
315,swayed,9.126772714128199e-05
1387,juices,9.126772714128199e-05
1392,joshua,9.126772714128199e-05
2537,alone,9.083655894443827e-05
1260,longtime,9.083655894443827e-05
803,provide,9.083655894443827e-05
1921,double,9.083655894443827e-05
2533,also,9.057616498845438e-05
1345,later,9.057616498845438e-05
559,scale,8.837703812282136e-05
1946,disease,8.837703812282136e-05
2411,barbara,8.837703812282136e-05
574,salary,8.837703812282136e-05
2125,connections,8.837703812282136e-05
183,types,8.837703812282136e-05
800,published,8.837703812282136e-05
2552,aide,8.837703812282136e-05
730,reduce,8.837703812282136e-05
2568,africa,8.837703812282136e-05
2471,arm,8.709719788635597e-05
2454,assigned,8.709719788635597e-05
99,visitors,8.709719788635597e-05
2572,advocates,8.709719788635597e-05
2493,appeal,8.709719788635597e-05
2171,comment,8.709719788635597e-05
1809,exchange,8.709719788635597e-05
531,sections,8.709719788635597e-05
905,peter,8.709719788635597e-05
1814,everywhere,8.709719788635597e-05
846,pressed,8.709719788635597e-05
536,search,8.709719788635597e-05
386,steady,8.709719788635597e-05
1795,expansion,8.709719788635597e-05
1888,effective,8.709719788635597e-05
2466,arrive,8.709719788635597e-05
1984,deputy,8.709719788635597e-05
1631,gold,8.709719788635597e-05
2289,buses,8.709719788635597e-05
450,slightly,8.709719788635597e-05
2047,daily,8.709719788635597e-05
2576,adults,8.709719788635597e-05
943,pass,8.709719788635597e-05
1967,developer,8.709719788635597e-05
334,suggested,8.709719788635597e-05
2340,bostonians,8.709719788635597e-05
420,spaces,8.709719788635597e-05
423,sounds,8.709719788635597e-05
2221,choice,8.709719788635597e-05
1004,oldest,8.709719788635597e-05
1772,falling,8.709719788635597e-05
1304,levels,8.709719788635597e-05
1918,doubt,8.709719788635597e-05
2133,condition,8.709719788635597e-05
1464,injuries,8.709719788635597e-05
2226,checks,8.709719788635597e-05
1935,doctor,8.709719788635597e-05
2247,caused,8.709719788635597e-05
2522,amount,8.709719788635597e-05
893,plain,8.709719788635597e-05
1744,figures,8.709719788635597e-05
616,rising,8.709719788635597e-05
1792,expects,8.709719788635597e-05
2258,carrying,8.709719788635597e-05
1734,finds,8.709719788635597e-05
377,still,8.650444168173436e-05
1237,made,8.650444168173436e-05
1735,find,8.650444168173436e-05
471,side,8.54348625535847e-05
482,short,8.54348625535847e-05
1965,development,8.54348625535847e-05
1286,list,8.54348625535847e-05
1769,families,8.54348625535847e-05
1414,issue,8.54348625535847e-05
696,remains,8.54348625535847e-05
1120,moved,8.54348625535847e-05
1296,like,8.453775398922409e-05
650,respond,8.324473885518743e-05
467,significant,8.324473885518743e-05
1910,drop,8.324473885518743e-05
1335,lawyer,8.324473885518743e-05
2346,board,8.324473885518743e-05
853,prepared,8.324473885518743e-05
48,win,8.324473885518743e-05
2166,commitment,8.324473885518743e-05
2237,change,8.324473885518743e-05
665,required,8.324473885518743e-05
672,reports,8.212480387772429e-05
1868,employee,8.212480387772429e-05
830,professor,8.212480387772429e-05
1369,kitchen,8.212480387772429e-05
876,poor,8.212480387772429e-05
1332,leaders,8.212480387772429e-05
1409,jack,8.212480387772429e-05
1551,hold,8.212480387772429e-05
1525,human,8.212480387772429e-05
1342,lauren,8.079766806179696e-05
882,poison,8.079766806179696e-05
2447,assuming,8.079766806179696e-05
716,registration,8.079766806179696e-05
2293,bureaucratic,8.079766806179696e-05
1149,miserable,8.079766806179696e-05
618,ringing,8.079766806179696e-05
1693,forms,8.079766806179696e-05
1219,mansfield,8.079766806179696e-05
1845,enrolling,8.079766806179696e-05
111,vigilant,8.079766806179696e-05
1666,frustrating,8.079766806179696e-05
217,tragedies,8.079766806179696e-05
2248,cater,8.079766806179696e-05
311,sympathetic,8.079766806179696e-05
387,staunch,8.079766806179696e-05
197,troubles,8.079766806179696e-05
1234,mailing,8.079766806179696e-05
42,wishes,8.079766806179696e-05
1602,halloween,8.079766806179696e-05
1759,feasible,8.079766806179696e-05
2545,aligned,8.079766806179696e-05
1865,enacted,8.079766806179696e-05
2189,coached,8.079766806179696e-05
359,structural,8.079766806179696e-05
1057,nno,8.079766806179696e-05
1394,jose,8.079766806179696e-05
2018,debris,8.079766806179696e-05
2063,crosses,8.079766806179696e-05
929,patterns,8.079766806179696e-05
1405,janet,8.079766806179696e-05
932,pathways,8.079766806179696e-05
1018,occupy,8.079766806179696e-05
1519,ian,8.079766806179696e-05
379,stiff,8.079766806179696e-05
1049,nonstop,8.079766806179696e-05
1026,objected,8.079766806179696e-05
1070,nicole,8.079766806179696e-05
946,partnering,8.079766806179696e-05
2507,anticipate,8.079766806179696e-05
1282,listings,8.079766806179696e-05
538,scrutiny,8.079766806179696e-05
375,stop,8.032555299018191e-05
936,past,8.032555299018191e-05
1195,mayor,8.032555299018191e-05
600,room,8.032555299018191e-05
2386,beer,7.785990766666137e-05
381,steps,7.785990766666137e-05
959,packed,7.785990766666137e-05
74,ways,7.785990766666137e-05
2272,cambridge,7.785990766666137e-05
1093,nearby,7.785990766666137e-05
1535,hot,7.785990766666137e-05
751,received,7.785990766666137e-05
2307,brown,7.785990766666137e-05
94,vowed,7.750388622802593e-05
1264,london,7.750388622802593e-05
299,target,7.750388622802593e-05
1046,note,7.750388622802593e-05
1514,ill,7.750388622802593e-05
278,test,7.750388622802593e-05
844,previously,7.750388622802593e-05
161,understands,7.750388622802593e-05
1448,institutions,7.750388622802593e-05
1950,disclose,7.750388622802593e-05
677,replaced,7.750388622802593e-05
352,stuffed,7.750388622802593e-05
957,paid,7.594210004763085e-05
2381,behind,7.594210004763085e-05
1565,held,7.594210004763085e-05
848,president,7.594210004763085e-05
35,work,7.548013749037865e-05
1270,local,7.414666429862946e-05
1881,eighty,7.414666429862946e-05
1250,lost,7.414666429862946e-05
537,seaport,7.394664681573765e-05
1320,leaves,7.394664681573765e-05
851,presence,7.394664681573765e-05
2395,battle,7.394664681573765e-05
1758,february,7.394664681573765e-05
380,steve,7.394664681573765e-05
327,supporters,7.394664681573765e-05
2067,crisis,7.394664681573765e-05
2202,clean,7.394664681573765e-05
249,tight,7.394664681573765e-05
989,options,7.394664681573765e-05
2014,december,7.394664681573765e-05
298,task,7.394664681573765e-05
46,windows,7.394664681573765e-05
2065,critics,7.394664681573765e-05
2197,clearly,7.394664681573765e-05
2443,attending,7.394664681573765e-05
256,threw,7.394664681573765e-05
1008,oh,7.394664681573765e-05
2193,closer,7.394664681573765e-05
1208,massive,7.394664681573765e-05
2594,act,7.394664681573765e-05
2481,approved,7.394664681573765e-05
229,total,7.394664681573765e-05
1080,network,7.394664681573765e-05
69,welcome,7.394664681573765e-05
358,structure,7.394664681573765e-05
1895,easily,7.394664681573765e-05
566,save,7.394664681573765e-05
573,sale,7.394664681573765e-05
1091,necessary,7.394664681573765e-05
448,slowly,7.394664681573765e-05
366,stress,7.394664681573765e-05
1981,design,7.394664681573765e-05
293,teenagers,7.394664681573765e-05
747,recommend,7.172809035178386e-05
1293,limiting,7.172809035178386e-05
1786,external,7.172809035178386e-05
337,sufficient,7.172809035178386e-05
1324,leasing,7.172809035178386e-05
92,waive,7.172809035178386e-05
144,unnecessary,7.172809035178386e-05
289,temperatures,7.172809035178386e-05
1750,fi,7.172809035178386e-05
1891,economics,7.172809035178386e-05
1897,earners,7.172809035178386e-05
1706,fly,7.172809035178386e-05
586,rubber,7.172809035178386e-05
2517,anna,7.172809035178386e-05
2078,cracking,7.172809035178386e-05
1947,discover,7.172809035178386e-05
1388,juice,7.172809035178386e-05
116,vendors,7.172809035178386e-05
1334,le,7.172809035178386e-05
2326,brenda,7.172809035178386e-05
385,steer,7.172809035178386e-05
619,rigorous,7.172809035178386e-05
640,retaining,7.172809035178386e-05
1444,intensive,7.172809035178386e-05
2283,buys,7.172809035178386e-05
530,securing,7.172809035178386e-05
2282,cab,7.172809035178386e-05
2106,convene,7.172809035178386e-05
1357,lacks,7.172809035178386e-05
438,soda,7.172809035178386e-05
1415,isolation,7.172809035178386e-05
107,violating,7.172809035178386e-05
1492,incorporated,7.172809035178386e-05
2551,aim,7.172809035178386e-05
1069,nif,7.172809035178386e-05
1636,gloves,7.172809035178386e-05
486,shattered,7.172809035178386e-05
548,scope,7.172809035178386e-05
1624,gps,7.172809035178386e-05
2049,czar,7.172809035178386e-05
773,rampant,7.172809035178386e-05
642,resulting,7.172809035178386e-05
2075,cramped,7.172809035178386e-05
1820,ever,6.7967775607077e-05
1196,may,6.7967775607077e-05
234,told,6.7967775607077e-05
1225,making,6.7967775607077e-05
1397,jones,6.743691996385126e-05
2362,billion,6.743691996385126e-05
506,seriously,6.743691996385126e-05
2515,announcement,6.743691996385126e-05
251,ties,6.743691996385126e-05
243,timothy,6.743691996385126e-05
252,tickets,6.743691996385126e-05
1229,maintenance,6.743691996385126e-05
267,thomas,6.659579108414995e-05
219,traditional,6.659579108414995e-05
1593,happened,6.659579108414995e-05
2252,cash,6.659579108414995e-05
2302,budget,6.659579108414995e-05
1821,eventually,6.659579108414995e-05
413,spokeswoman,6.659579108414995e-05
2323,bridge,6.659579108414995e-05
2590,add,6.659579108414995e-05
1926,doors,6.659579108414995e-05
2585,address,6.659579108414995e-05
869,position,6.659579108414995e-05
1054,non,6.659579108414995e-05
362,strong,6.6449337541677e-05
131,urban,6.6449337541677e-05
1828,especially,6.6449337541677e-05
1928,done,6.6449337541677e-05
2074,create,6.6449337541677e-05
34,worked,6.6449337541677e-05
949,part,6.6449337541677e-05
1186,means,6.6449337541677e-05
1151,minutes,6.6449337541677e-05
1780,fact,6.6449337541677e-05
2526,america,6.6449337541677e-05
1109,must,6.6449337541677e-05
465,simply,6.6449337541677e-05
561,saying,6.6449337541677e-05
1298,life,6.642252099153321e-05
2084,couple,6.488325638888448e-05
608,robert,6.488325638888448e-05
1793,expected,6.488325638888448e-05
308,system,6.488325638888448e-05
516,senior,6.488325638888448e-05
762,reached,6.488325638888448e-05
1586,harvard,6.488325638888448e-05
2165,commitments,6.37281558509088e-05
478,shoulders,6.37281558509088e-05
1272,loan,6.37281558509088e-05
1087,needham,6.37281558509088e-05
1948,discounted,6.37281558509088e-05
2600,accountability,6.37281558509088e-05
2348,blown,6.37281558509088e-05
3,zakim,6.37281558509088e-05
2155,commute,6.37281558509088e-05
2341,bostonian,6.37281558509088e-05
1165,metro,6.37281558509088e-05
970,overlooked,6.37281558509088e-05
708,regulatory,6.37281558509088e-05
428,sooner,6.37281558509088e-05
2004,define,6.37281558509088e-05
983,outgoing,6.37281558509088e-05
1451,install,6.37281558509088e-05
2035,dated,6.37281558509088e-05
1391,journal,6.37281558509088e-05
837,privately,6.37281558509088e-05
1598,handled,6.37281558509088e-05
134,update,6.37281558509088e-05
1204,material,6.37281558509088e-05
1157,milk,6.37281558509088e-05
784,questioning,6.37281558509088e-05
609,roads,6.37281558509088e-05
1164,metropolitan,6.37281558509088e-05
2116,consultants,6.37281558509088e-05
1876,elements,6.37281558509088e-05
1874,eligible,6.37281558509088e-05
756,realty,6.37281558509088e-05
188,twelve,6.340331549191806e-05
402,st,6.178888691552454e-05
1166,met,6.178888691552454e-05
447,small,6.178888691552454e-05
184,type,6.159360290829321e-05
1251,loss,6.159360290829321e-05
2317,bringing,6.159360290829321e-05
1101,nation,6.159360290829321e-05
1443,interest,6.159360290829321e-05
1314,legal,6.159360290829321e-05
1207,master,6.159360290829321e-05
395,standards,6.159360290829321e-05
190,turning,6.159360290829321e-05
424,sought,6.159360290829321e-05
1556,hired,6.159360290829321e-05
1504,improve,6.159360290829321e-05
123,using,6.159360290829321e-05
2068,criminal,6.159360290829321e-05
1872,elsewhere,6.159360290829321e-05
2474,areas,6.159360290829321e-05
2169,commission,6.159360290829321e-05
1770,familiar,6.159360290829321e-05
2204,classes,6.159360290829321e-05
1510,impact,6.159360290829321e-05
947,partner,6.159360290829321e-05
1880,either,6.159360290829321e-05
78,watertown,5.806479859090398e-05
1467,initial,5.806479859090398e-05
1661,gain,5.806479859090398e-05
2468,army,5.806479859090398e-05
434,somebody,5.806479859090398e-05
627,richard,5.806479859090398e-05
1697,forced,5.806479859090398e-05
900,picking,5.806479859090398e-05
2558,aggressive,5.806479859090398e-05
1773,fallen,5.806479859090398e-05
1039,nov,5.806479859090398e-05
1278,little,5.736490449268778e-05
1499,include,5.6956575035723135e-05
39,woman,5.6956575035723135e-05
999,open,5.6956575035723135e-05
2298,built,5.6956575035723135e-05
880,policy,5.6956575035723135e-05
191,turned,5.6956575035723135e-05
266,though,5.6956575035723135e-05
1698,force,5.6956575035723135e-05
2556,ago,5.6956575035723135e-05
1110,music,5.6956575035723135e-05
750,recent,5.6956575035723135e-05
1012,office,5.6956575035723135e-05
2121,considers,5.657197058582517e-05
723,refuse,5.657197058582517e-05
164,underserved,5.657197058582517e-05
2201,cleaner,5.657197058582517e-05
1696,ford,5.657197058582517e-05
2072,creates,5.657197058582517e-05
225,toured,5.657197058582517e-05
921,perception,5.657197058582517e-05
1850,engineers,5.657197058582517e-05
1615,groceries,5.657197058582517e-05
1960,difficulty,5.657197058582517e-05
926,payroll,5.657197058582517e-05
935,patchwork,5.657197058582517e-05
916,permit,5.657197058582517e-05
909,persuaded,5.657197058582517e-05
2436,author,5.657197058582517e-05
860,practices,5.657197058582517e-05
93,vowing,5.657197058582517e-05
1555,hires,5.657197058582517e-05
1714,flight,5.657197058582517e-05
641,retailers,5.657197058582517e-05
902,photographs,5.657197058582517e-05
603,ron,5.657197058582517e-05
1205,matches,5.657197058582517e-05
885,pleased,5.657197058582517e-05
630,revisit,5.657197058582517e-05
2482,approve,5.657197058582517e-05
883,pointing,5.657197058582517e-05
623,rides,5.657197058582517e-05
2161,commonly,5.657197058582517e-05
1483,indicate,5.657197058582517e-05
276,testing,5.657197058582517e-05
81,waste,5.657197058582517e-05
186,twitter,5.657197058582517e-05
1434,introduce,5.657197058582517e-05
2001,delay,5.657197058582517e-05
2126,connecting,5.657197058582517e-05
1989,departure,5.657197058582517e-05
102,visible,5.657197058582517e-05
2124,connects,5.657197058582517e-05
813,properly,5.657197058582517e-05
1779,fail,5.657197058582517e-05
542,screening,5.657197058582517e-05
2228,chatted,5.657197058582517e-05
1776,fairly,5.657197058582517e-05
1067,night,5.560999822397209e-05
303,taking,5.560999822397209e-05
1664,full,5.560999822397209e-05
1371,kind,5.560999822397209e-05
2083,court,5.560999822397209e-05
1364,know,5.4345698993072634e-05
75,way,5.4345698993072634e-05
1875,eleven,5.4345698993072634e-05
636,returned,5.190660511110758e-05
489,shared,5.190660511110758e-05
1737,finally,5.190660511110758e-05
1823,evening,5.190660511110758e-05
1099,native,5.190660511110758e-05
1011,official,5.190660511110758e-05
1044,nothing,5.190660511110758e-05
1498,included,5.190660511110758e-05
73,wednesday,5.190660511110758e-05
47,window,5.190660511110758e-05
2380,believed,5.190660511110758e-05
2107,controversial,5.009841357948646e-05
1142,models,5.009841357948646e-05
2031,dawn,5.009841357948646e-05
425,sorry,5.009841357948646e-05
884,pocket,5.009841357948646e-05
564,savings,5.009841357948646e-05
43,wished,5.009841357948646e-05
220,tracked,5.009841357948646e-05
2485,appointments,5.009841357948646e-05
1447,intends,5.009841357948646e-05
2557,aging,5.009841357948646e-05
1553,historical,5.009841357948646e-05
568,santa,5.009841357948646e-05
1112,murray,5.009841357948646e-05
977,outreach,5.009841357948646e-05
1929,donations,5.009841357948646e-05
2358,birthday,5.009841357948646e-05
51,widespread,5.009841357948646e-05
1035,nthey,5.009841357948646e-05
1494,incomes,5.009841357948646e-05
956,painted,5.009841357948646e-05
1999,delivering,5.009841357948646e-05
1377,kendall,5.009841357948646e-05
1536,hosts,5.009841357948646e-05
1493,incoming,5.009841357948646e-05
1803,exercise,5.009841357948646e-05
872,porch,5.009841357948646e-05
814,prompted,5.009841357948646e-05
649,responders,5.009841357948646e-05
1869,emphasized,5.009841357948646e-05
98,voiced,5.009841357948646e-05
648,responding,5.009841357948646e-05
816,promoted,5.009841357948646e-05
664,requirement,5.009841357948646e-05
715,registry,5.009841357948646e-05
1221,manages,5.009841357948646e-05
725,reforms,5.009841357948646e-05
2477,architect,5.009841357948646e-05
1261,longstanding,5.009841357948646e-05
1840,entering,5.009841357948646e-05
1859,ends,5.009841357948646e-05
1633,goals,5.009841357948646e-05
2599,accountable,5.009841357948646e-05
345,subsequent,5.009841357948646e-05
2182,collecting,5.009841357948646e-05
201,trip,4.9946843313112456e-05
2469,arms,4.9946843313112456e-05
2007,declined,4.9946843313112456e-05
2393,beacon,4.9946843313112456e-05
1610,growth,4.9946843313112456e-05
766,rate,4.9946843313112456e-05
80,watching,4.9946843313112456e-05
2013,decide,4.9946843313112456e-05
511,sept,4.9946843313112456e-05
1848,enjoy,4.9946843313112456e-05
1834,equal,4.9946843313112456e-05
2266,candidate,4.9946843313112456e-05
376,stood,4.9946843313112456e-05
360,struck,4.9946843313112456e-05
862,powerful,4.9946843313112456e-05
1813,evidence,4.9946843313112456e-05
1174,memorial,4.9946843313112456e-05
505,serve,4.9946843313112456e-05
897,piece,4.9946843313112456e-05
1611,grown,4.9946843313112456e-05
2463,arts,4.9946843313112456e-05
2233,charge,4.9946843313112456e-05
912,personally,4.9946843313112456e-05
152,united,4.9946843313112456e-05
302,talk,4.9946843313112456e-05
1892,economic,4.9946843313112456e-05
384,step,4.9946843313112456e-05
2240,challenges,4.9946843313112456e-05
2315,broader,4.9946843313112456e-05
791,putting,4.9946843313112456e-05
18,xa0,4.9431109532419635e-05
2512,another,4.9431109532419635e-05
63,went,4.9431109532419635e-05
1783,face,4.9431109532419635e-05
72,week,4.9431109532419635e-05
2475,area,4.9431109532419635e-05
712,regularly,4.92977645438251e-05
594,roslindale,4.92977645438251e-05
468,signed,4.92977645438251e-05
2437,august,4.92977645438251e-05
2554,agreement,4.92977645438251e-05
373,stops,4.92977645438251e-05
429,soon,4.746381252976929e-05
749,recently,4.746381252976929e-05
1100,national,4.746381252976929e-05
1373,killed,4.746381252976929e-05
887,plans,4.746381252976929e-05
2565,afternoon,4.746381252976929e-05
567,saturday,4.746381252976929e-05
1882,eighteen,4.746381252976929e-05
1581,head,4.746381252976929e-05
2030,day,4.528808249422719e-05
1374,kids,4.528808249422719e-05
841,priorities,4.418851906141068e-05
2096,corps,4.418851906141068e-05
449,slip,4.418851906141068e-05
147,unlikely,4.418851906141068e-05
1727,firms,4.418851906141068e-05
1322,leather,4.418851906141068e-05
422,source,4.418851906141068e-05
997,operated,4.418851906141068e-05
1787,extensive,4.418851906141068e-05
1440,internet,4.418851906141068e-05
1126,mornings,4.418851906141068e-05
491,shake,4.418851906141068e-05
1663,furniture,4.418851906141068e-05
790,qualify,4.418851906141068e-05
2294,bureau,4.418851906141068e-05
258,threats,4.418851906141068e-05
2333,boxes,4.418851906141068e-05
2464,arriving,4.418851906141068e-05
806,protection,4.418851906141068e-05
364,string,4.418851906141068e-05
2564,afterward,4.418851906141068e-05
1462,insisted,4.418851906141068e-05
1202,matt,4.418851906141068e-05
361,strongly,4.418851906141068e-05
1154,minds,4.418851906141068e-05
692,removing,4.418851906141068e-05
2488,application,4.418851906141068e-05
1973,detailed,4.418851906141068e-05
1306,letting,4.418851906141068e-05
2499,anyway,4.418851906141068e-05
933,paths,4.418851906141068e-05
1313,length,4.418851906141068e-05
2577,ads,4.418851906141068e-05
1614,grocery,4.418851906141068e-05
1544,honest,4.418851906141068e-05
915,permits,4.418851906141068e-05
1502,improvements,4.418851906141068e-05
581,runners,4.418851906141068e-05
631,reviewing,4.418851906141068e-05
409,spots,4.418851906141068e-05
523,select,4.418851906141068e-05
1908,drugs,4.418851906141068e-05
682,repair,4.418851906141068e-05
859,praised,4.418851906141068e-05
326,supportive,4.418851906141068e-05
369,strategies,4.418851906141068e-05
1274,lives,4.325222084086718e-05
1380,keep,4.325222084086718e-05
58,whether,4.325222084086718e-05
560,says,4.325222084086718e-05
6,yet,4.325222084086718e-05
2523,among,4.325222084086718e-05
621,right,4.325222084086718e-05
1210,massachusetts,4.325222084086718e-05
329,support,4.325222084086718e-05
325,sure,4.325222084086718e-05
1635,go,4.325222084086718e-05
1249,lot,4.325222084086718e-05
1310,less,4.325222084086718e-05
40,without,4.325222084086718e-05
1642,give,4.325222084086718e-05
529,see,4.325222084086718e-05
1316,left,4.325222084086718e-05
1620,great,4.325222084086718e-05
1613,group,4.325222084086718e-05
1127,morning,4.325222084086718e-05
1089,need,4.2268876994612045e-05
976,outside,4.2268876994612045e-05
2071,creating,4.1062401938862145e-05
666,require,4.1062401938862145e-05
901,pick,4.1062401938862145e-05
2325,brian,4.1062401938862145e-05
1898,earned,4.1062401938862145e-05
2054,currently,4.1062401938862145e-05
1187,mean,4.1062401938862145e-05
446,smaller,4.1062401938862145e-05
1672,friday,4.1062401938862145e-05
237,together,3.92496714949969e-05
1648,get,3.92496714949969e-05
2275,called,3.92496714949969e-05
128,us,3.92496714949969e-05
2581,administration,3.8929953833330685e-05
1634,goal,3.8929953833330685e-05
789,quality,3.8929953833330685e-05
1217,march,3.8929953833330685e-05
1390,jr,3.8929953833330685e-05
1389,judge,3.8929953833330685e-05
1580,headed,3.8929953833330685e-05
737,red,3.8929953833330685e-05
367,streets,3.8929953833330685e-05
2224,chicago,3.8929953833330685e-05
1108,na,3.8929953833330685e-05
744,record,3.8929953833330685e-05
620,rights,3.8929953833330685e-05
1915,dozens,3.8929953833330685e-05
388,states,3.8929953833330685e-05
1518,idea,3.8929953833330685e-05
1723,fit,3.8929953833330685e-05
1106,named,3.8929953833330685e-05
2270,campaign,3.8929953833330685e-05
1516,identify,3.8929953833330685e-05
754,reason,3.8929953833330685e-05
894,places,3.8929953833330685e-05
2041,dark,3.8929953833330685e-05
1647,gets,3.8929953833330685e-05
2016,decades,3.8929953833330685e-05
1257,looks,3.8929953833330685e-05
2591,actually,3.8929953833330685e-05
2163,committee,3.8929953833330685e-05
1839,entire,3.8929953833330685e-05
374,stopped,3.8929953833330685e-05
1319,leaving,3.8929953833330685e-05
2154,companies,3.8929953833330685e-05
382,stepped,3.8929953833330685e-05
2444,attend,3.8929953833330685e-05
2190,co,3.8929953833330685e-05
1061,nit,3.8929953833330685e-05
2236,changed,3.8929953833330685e-05
2028,dead,3.8929953833330685e-05
646,rest,3.8929953833330685e-05
2530,although,3.8929953833330685e-05
1297,light,3.8929953833330685e-05
1203,materials,3.875194311401297e-05
1307,letters,3.875194311401297e-05
26,worst,3.875194311401297e-05
1339,lawmakers,3.875194311401297e-05
1199,matthew,3.875194311401297e-05
2579,administrator,3.875194311401297e-05
1300,licenses,3.875194311401297e-05
2168,commissioned,3.875194311401297e-05
398,stairs,3.875194311401297e-05
45,wins,3.875194311401297e-05
2142,comprehensive,3.875194311401297e-05
1253,los,3.875194311401297e-05
343,succeed,3.875194311401297e-05
875,pop,3.875194311401297e-05
985,originally,3.875194311401297e-05
1841,entered,3.875194311401297e-05
2518,angeles,3.875194311401297e-05
2027,deadline,3.875194311401297e-05
661,rescue,3.875194311401297e-05
204,traveling,3.875194311401297e-05
1597,handling,3.875194311401297e-05
2513,anonymous,3.875194311401297e-05
2375,benefit,3.875194311401297e-05
2051,cuts,3.875194311401297e-05
870,port,3.875194311401297e-05
1902,dynamic,3.875194311401297e-05
2491,appearance,3.875194311401297e-05
1542,hoped,3.875194311401297e-05
84,warned,3.875194311401297e-05
1541,hopeful,3.875194311401297e-05
1531,households,3.875194311401297e-05
1825,estimated,3.875194311401297e-05
1619,greatest,3.875194311401297e-05
2066,criticized,3.875194311401297e-05
1687,founder,3.875194311401297e-05
768,rarely,3.875194311401297e-05
130,urged,3.875194311401297e-05
124,uses,3.875194311401297e-05
2099,corners,3.875194311401297e-05
1703,focusing,3.875194311401297e-05
1700,follows,3.875194311401297e-05
1760,favor,3.875194311401297e-05
720,region,3.875194311401297e-05
2531,alternative,3.875194311401297e-05
2398,basis,3.875194311401297e-05
1976,destination,3.875194311401297e-05
1428,investigate,3.875194311401297e-05
1043,notice,3.875194311401297e-05
118,vast,3.875194311401297e-05
1603,hall,3.7971050023815425e-05
2199,clear,3.7971050023815425e-05
1173,men,3.7971050023815425e-05
1590,hard,3.7971050023815425e-05
392,started,3.7971050023815425e-05
332,sunday,3.7971050023815425e-05
832,process,3.7971050023815425e-05
2501,anyone,3.7971050023815425e-05
1179,meet,3.7971050023815425e-05
192,turn,3.7971050023815425e-05
2111,continue,3.7971050023815425e-05
2254,case,3.7971050023815425e-05
525,seen,3.7971050023815425e-05
994,opportunity,3.7971050023815425e-05
1438,interview,3.7971050023815425e-05
457,sixteen,3.7971050023815425e-05
403,square,3.7971050023815425e-05
431,sometimes,3.707333214931473e-05
305,taken,3.707333214931473e-05
38,women,3.707333214931473e-05
1107,name,3.707333214931473e-05
1161,middle,3.707333214931473e-05
1346,late,3.707333214931473e-05
1684,fourteen,3.707333214931473e-05
477,show,3.707333214931473e-05
1160,might,3.707333214931473e-05
827,program,3.707333214931473e-05
1937,district,3.707333214931473e-05
1534,hours,3.707333214931473e-05
230,top,3.707333214931473e-05
238,today,3.707333214931473e-05
421,space,3.707333214931473e-05
1768,family,3.623046599538175e-05
1115,much,3.623046599538175e-05
1263,long,3.623046599538175e-05
333,summer,3.623046599538175e-05
328,supported,3.371845998192563e-05
1835,environmental,3.371845998192563e-05
1030,numerous,3.371845998192563e-05
1807,exciting,3.371845998192563e-05
2445,attempted,3.371845998192563e-05
698,rely,3.371845998192563e-05
1801,exit,3.371845998192563e-05
114,veterans,3.371845998192563e-05
998,operate,3.371845998192563e-05
68,welcomed,3.371845998192563e-05
1098,nboston,3.371845998192563e-05
1709,florida,3.371845998192563e-05
2250,catch,3.371845998192563e-05
777,rail,3.371845998192563e-05
451,slated,3.371845998192563e-05
2379,believes,3.371845998192563e-05
667,requests,3.371845998192563e-05
1281,lists,3.371845998192563e-05
1601,hampshire,3.371845998192563e-05
1932,domestic,3.371845998192563e-05
1465,initiatives,3.371845998192563e-05
522,selected,3.371845998192563e-05
990,option,3.371845998192563e-05
535,searching,3.371845998192563e-05
207,travel,3.371845998192563e-05
1952,disappointed,3.371845998192563e-05
602,roof,3.371845998192563e-05
565,saving,3.371845998192563e-05
1167,messages,3.371845998192563e-05
1013,offering,3.3297895542074975e-05
1563,helping,3.3297895542074975e-05
532,secretary,3.3297895542074975e-05
2173,comes,3.3297895542074975e-05
1605,guy,3.3297895542074975e-05
113,vice,3.3297895542074975e-05
1182,media,3.3297895542074975e-05
704,related,3.3297895542074975e-05
554,scheduled,3.3297895542074975e-05
703,relationship,3.3297895542074975e-05
95,voters,3.3297895542074975e-05
1269,locations,3.3297895542074975e-05
1592,happy,3.3297895542074975e-05
1201,mattapan,3.3297895542074975e-05
937,passing,3.3297895542074975e-05
675,reported,3.3297895542074975e-05
101,visit,3.3297895542074975e-05
2384,beginning,3.3297895542074975e-05
1847,enough,3.3211260495766604e-05
2614,able,3.089444345776227e-05
2244,center,3.089444345776227e-05
792,put,3.089444345776227e-05
1982,described,3.089444345776227e-05
2534,already,3.089444345776227e-05
2500,anything,3.089444345776227e-05
86,want,3.089444345776227e-05
676,report,3.089444345776227e-05
508,series,3.089444345776227e-05
656,resident,3.089444345776227e-05
1899,early,3.0192054996151464e-05
1036,nthe,3.0192054996151464e-05
2467,around,3.0192054996151464e-05
2487,applied,2.903239929545199e-05
307,systems,2.903239929545199e-05
216,tragedy,2.903239929545199e-05
261,threat,2.903239929545199e-05
2292,buried,2.903239929545199e-05
206,traveled,2.903239929545199e-05
260,threatened,2.903239929545199e-05
53,wide,2.903239929545199e-05
2343,boost,2.903239929545199e-05
21,written,2.903239929545199e-05
617,rise,2.903239929545199e-05
1702,folks,2.903239929545199e-05
430,sons,2.903239929545199e-05
2105,conversation,2.903239929545199e-05
2070,creative,2.903239929545199e-05
1969,determine,2.903239929545199e-05
572,sales,2.903239929545199e-05
1914,drawn,2.903239929545199e-05
1889,effect,2.903239929545199e-05
658,residence,2.903239929545199e-05
670,representatives,2.903239929545199e-05
1836,environment,2.903239929545199e-05
1785,extremely,2.903239929545199e-05
727,referring,2.903239929545199e-05
788,quarter,2.903239929545199e-05
798,purpose,2.903239929545199e-05
1676,freedom,2.903239929545199e-05
840,priority,2.903239929545199e-05
1638,glass,2.903239929545199e-05
865,potentially,2.903239929545199e-05
1599,handle,2.903239929545199e-05
1503,improved,2.903239929545199e-05
1501,improving,2.903239929545199e-05
950,parks,2.903239929545199e-05
1446,intense,2.903239929545199e-05
1400,joe,2.903239929545199e-05
1331,leadership,2.903239929545199e-05
1301,license,2.903239929545199e-05
1183,measures,2.903239929545199e-05
1241,luxury,2.903239929545199e-05
2129,conference,2.903239929545199e-05
2615,1980s,2.903239929545199e-05
2245,cellphone,2.903239929545199e-05
2176,combat,2.903239929545199e-05
372,stores,2.903239929545199e-05
2241,chairman,2.903239929545199e-05
411,spot,2.8478287517861567e-05
1001,onto,2.8478287517861567e-05
2042,daniel,2.8478287517861567e-05
500,set,2.8478287517861567e-05
2330,break,2.8478287517861567e-05
1363,known,2.8478287517861567e-05
56,whole,2.8478287517861567e-05
1088,needed,2.8478287517861567e-05
1076,news,2.8478287517861567e-05
1412,issues,2.8478287517861567e-05
1065,nin,2.8478287517861567e-05
782,quickly,2.8478287517861567e-05
1552,history,2.8478287517861567e-05
224,town,2.8478287517861567e-05
476,showed,2.8478287517861567e-05
2172,coming,2.8478287517861567e-05
2385,begin,2.8478287517861567e-05
1575,heart,2.8478287517861567e-05
396,stand,2.8478287517861567e-05
879,political,2.8478287517861567e-05
2404,based,2.8478287517861567e-05
1671,friend,2.8478287517861567e-05
1746,fight,2.8478287517861567e-05
772,ran,2.8478287517861567e-05
265,thought,2.8478287517861567e-05
2428,average,2.8478287517861567e-05
336,suffolk,2.8478287517861567e-05
2284,buy,2.8478287517861567e-05
1172,menino,2.8478287517861567e-05
1262,longer,2.8478287517861567e-05
1006,old,2.7172849496536317e-05
757,really,2.7172849496536317e-05
1259,look,2.7172849496536317e-05
633,review,2.595330255555379e-05
2363,bill,2.595330255555379e-05
1497,includes,2.595330255555379e-05
2235,changes,2.595330255555379e-05
1890,education,2.595330255555379e-05
1527,however,2.595330255555379e-05
923,per,2.595330255555379e-05
515,sense,2.595330255555379e-05
1594,happen,2.595330255555379e-05
2516,announced,2.595330255555379e-05
1362,knows,2.595330255555379e-05
2458,ask,2.595330255555379e-05
412,sports,2.595330255555379e-05
50,william,2.595330255555379e-05
752,recalled,2.595330255555379e-05
1762,father,2.595330255555379e-05
504,served,2.595330255555379e-05
2449,association,2.595330255555379e-05
1655,general,2.595330255555379e-05
1641,given,2.595330255555379e-05
2157,communities,2.595330255555379e-05
1670,friends,2.4715554766209817e-05
1873,else,2.4715554766209817e-05
2372,best,2.4715554766209817e-05
1862,end,2.4715554766209817e-05
587,roxbury,2.4715554766209817e-05
401,staff,2.4715554766209817e-05
1600,hand,2.4715554766209817e-05
1321,leave,2.4715554766209817e-05
496,seventy,2.4715554766209817e-05
1137,monday,2.4715554766209817e-05
1963,died,2.4715554766209817e-05
1398,john,2.4715554766209817e-05
2073,created,2.4715554766209817e-05
1309,let,2.4715554766209817e-05
1048,north,2.4715554766209817e-05
52,widely,2.464888227191255e-05
2459,aside,2.464888227191255e-05
1799,expand,2.464888227191255e-05
702,release,2.464888227191255e-05
2086,count,2.464888227191255e-05
1622,graduated,2.464888227191255e-05
2274,calling,2.464888227191255e-05
877,pool,2.464888227191255e-05
1105,names,2.464888227191255e-05
2336,bottom,2.464888227191255e-05
2022,dealing,2.464888227191255e-05
2406,bars,2.464888227191255e-05
1358,lack,2.464888227191255e-05
2109,control,2.464888227191255e-05
1781,facing,2.464888227191255e-05
1117,moves,2.464888227191255e-05
2597,acknowledged,2.464888227191255e-05
1119,movement,2.464888227191255e-05
1252,losing,2.464888227191255e-05
1688,founded,2.464888227191255e-05
29,worried,2.464888227191255e-05
119,value,2.464888227191255e-05
1701,follow,2.464888227191255e-05
339,suffered,2.464888227191255e-05
2430,ave,2.464888227191255e-05
1838,entrance,2.464888227191255e-05
227,touched,2.464888227191255e-05
625,ride,2.464888227191255e-05
2308,brookline,2.464888227191255e-05
77,wave,2.464888227191255e-05
1159,mile,2.464888227191255e-05
1966,developers,2.464888227191255e-05
407,spread,2.464888227191255e-05
297,tax,2.464888227191255e-05
1968,develop,2.464888227191255e-05
2158,communications,2.464888227191255e-05
1490,increased,2.464888227191255e-05
2082,cover,2.464888227191255e-05
1520,hyde,2.464888227191255e-05
669,represented,2.464888227191255e-05
479,shortly,2.464888227191255e-05
272,think,2.415364399692117e-05
2174,come,2.415364399692117e-05
1632,going,2.415364399692117e-05
503,service,2.1134438497306023e-05
1299,lieutenant,2.0531200969431072e-05
988,order,2.0531200969431072e-05
1045,noted,2.0531200969431072e-05
886,plastic,2.0531200969431072e-05
1348,largest,2.0531200969431072e-05
33,worker,2.0531200969431072e-05
2486,appointed,2.0531200969431072e-05
1554,historic,2.0531200969431072e-05
996,operations,2.0531200969431072e-05
1168,message,2.0531200969431072e-05
868,positive,2.0531200969431072e-05
389,statement,2.0531200969431072e-05
1413,issued,2.0531200969431072e-05
1386,july,2.0531200969431072e-05
2573,advocate,2.0531200969431072e-05
825,progress,2.0531200969431072e-05
1547,homeless,2.0531200969431072e-05
934,path,2.0531200969431072e-05
1315,legacy,2.0531200969431072e-05
1538,host,2.0531200969431072e-05
2587,addition,2.0531200969431072e-05
822,projects,2.0531200969431072e-05
2053,customers,2.0531200969431072e-05
613,rival,2.0531200969431072e-05
399,stage,2.0531200969431072e-05
2127,connect,2.0531200969431072e-05
2285,busy,2.0531200969431072e-05
475,showing,2.0531200969431072e-05
154,unique,2.0531200969431072e-05
304,takes,2.0531200969431072e-05
1782,facebook,2.0531200969431072e-05
2374,benefits,2.0531200969431072e-05
1777,fair,2.0531200969431072e-05
460,sitting,2.0531200969431072e-05
1741,fill,2.0531200969431072e-05
645,restaurants,2.0531200969431072e-05
651,resources,2.0531200969431072e-05
512,separate,2.0531200969431072e-05
2147,complete,2.0531200969431072e-05
1842,ensure,2.0531200969431072e-05
528,seek,2.0531200969431072e-05
637,return,1.8985525011907713e-05
1817,everybody,1.8985525011907713e-05
2536,along,1.8985525011907713e-05
931,patrick,1.8985525011907713e-05
775,raised,1.8985525011907713e-05
1962,different,1.8985525011907713e-05
1978,despite,1.8985525011907713e-05
1704,focus,1.8985525011907713e-05
2100,corner,1.8985525011907713e-05
439,social,1.8985525011907713e-05
85,wants,1.8985525011907713e-05
580,running,1.8985525011907713e-05
1694,former,1.8985525011907713e-05
1002,online,1.8985525011907713e-05
2605,access,1.8985525011907713e-05
55,whose,1.8536666074657364e-05
1367,knew,1.8536666074657364e-05
1667,front,1.8536666074657364e-05
1595,hands,1.8536666074657364e-05
1815,everything,1.8536666074657364e-05
2431,available,1.8536666074657364e-05
245,times,1.8536666074657364e-05
1086,needs,1.8536666074657364e-05
2424,away,1.8536666074657364e-05
2392,became,1.8536666074657364e-05
2356,black,1.8536666074657364e-05
497,seventeen,1.8536666074657364e-05
563,saw,1.8536666074657364e-05
555,scene,1.8536666074657364e-05
1629,gone,1.8536666074657364e-05
231,took,1.8536666074657364e-05
2061,crowd,1.8536666074657364e-05
2205,class,1.8536666074657364e-05
1246,loved,1.8536666074657364e-05
274,thing,1.8536666074657364e-05
1247,love,1.8536666074657364e-05
416,spent,1.8536666074657364e-05
195,trying,1.8115232997690876e-05
1224,man,1.8115232997690876e-05
242,tiny,1.6648947771037488e-05
551,science,1.6648947771037488e-05
1017,oct,1.6648947771037488e-05
780,quite,1.6648947771037488e-05
2003,definitely,1.6648947771037488e-05
2036,date,1.6648947771037488e-05
1227,majority,1.6648947771037488e-05
2243,central,1.6648947771037488e-05
20,wrong,1.6648947771037488e-05
1244,lower,1.6648947771037488e-05
32,workers,1.6648947771037488e-05
461,sites,1.6648947771037488e-05
1155,millions,1.6648947771037488e-05
280,terms,1.6648947771037488e-05
1147,missed,1.6648947771037488e-05
1141,modern,1.6648947771037488e-05
1329,league,1.6648947771037488e-05
1330,leading,1.6648947771037488e-05
1333,lead,1.6648947771037488e-05
1116,moving,1.6648947771037488e-05
1355,land,1.6648947771037488e-05
2511,answer,1.6648947771037488e-05
1956,directly,1.6648947771037488e-05
1540,hopes,1.6648947771037488e-05
1511,immigrants,1.6648947771037488e-05
713,regular,1.6648947771037488e-05
178,ultimately,1.6648947771037488e-05
1753,felt,1.6648947771037488e-05
919,perhaps,1.6648947771037488e-05
218,traffic,1.6648947771037488e-05
796,push,1.6648947771037488e-05
1625,governor,1.6648947771037488e-05
1745,figure,1.6648947771037488e-05
1690,forward,1.6648947771037488e-05
2438,aug,1.6648947771037488e-05
1739,final,1.6648947771037488e-05
2232,charges,1.6648947771037488e-05
1005,older,1.5096027498075732e-05
1180,medical,1.2976651277776894e-05
1200,matter,1.2976651277776894e-05
2048,dad,1.2976651277776894e-05
2052,cut,1.2976651277776894e-05
194,tuesday,1.2976651277776894e-05
2055,current,1.2976651277776894e-05
1125,mostly,1.2976651277776894e-05
2567,african,1.2976651277776894e-05
1810,example,1.2976651277776894e-05
1158,miles,1.2976651277776894e-05
1657,gave,1.2976651277776894e-05
2456,asking,1.2976651277776894e-05
826,programs,1.2976651277776894e-05
7,yes,1.2976651277776894e-05
162,understand,1.2976651277776894e-05
1376,key,1.2976651277776894e-05
1176,member,1.2976651277776894e-05
1177,meetings,1.2976651277776894e-05
2238,chance,1.2976651277776894e-05
342,successful,1.2976651277776894e-05
1857,energy,1.2976651277776894e-05
527,seeking,1.2976651277776894e-05
89,walked,1.2976651277776894e-05
1479,industry,1.2976651277776894e-05
940,passed,1.2976651277776894e-05
2525,american,1.2976651277776894e-05
1543,honor,1.2976651277776894e-05
2484,approach,1.2976651277776894e-05
1050,nonprofit,1.2976651277776894e-05
1849,england,1.2976651277776894e-05
1245,low,1.2357777383104909e-05
1805,executive,1.2357777383104909e-05
273,things,1.2357777383104909e-05
1063,ninety,1.2357777383104909e-05
61,west,1.2357777383104909e-05
1258,looking,1.2357777383104909e-05
1816,everyone,1.2357777383104909e-05
2271,came,1.2357777383104909e-05
1628,good,1.2357777383104909e-05
1561,high,1.2076821998460585e-05
1318,led,9.492762505953856e-06
2442,attention,9.492762505953856e-06
226,tough,9.492762505953856e-06
474,shows,9.492762505953856e-06
1305,level,9.492762505953856e-06
660,research,9.492762505953856e-06
2588,adding,9.492762505953856e-06
2164,committed,9.492762505953856e-06
1677,free,9.492762505953856e-06
1640,gives,9.492762505953856e-06
2318,bring,9.492762505953856e-06
514,sent,9.492762505953856e-06
2260,carried,9.492762505953856e-06
126,used,9.492762505953856e-06
2563,age,9.492762505953856e-06
1822,event,9.492762505953856e-06
127,use,9.492762505953856e-06
1185,meanwhile,9.492762505953856e-06
1401,jobs,9.492762505953856e-06
952,park,9.492762505953856e-06
82,washington,9.492762505953856e-06
350,style,9.492762505953856e-06
863,power,9.492762505953856e-06
356,struggling,9.492762505953856e-06
1736,financial,9.492762505953856e-06
432,something,9.057616498845438e-06
306,take,9.057616498845438e-06
1924,dorchester,9.057616498845438e-06
1626,got,9.057616498845438e-06
1078,never,9.057616498845438e-06
393,start,6.178888691552454e-06
2439,attorney,6.178888691552454e-06
1578,hear,6.178888691552454e-06
1124,mother,6.178888691552454e-06
30,world,6.178888691552454e-06
1175,members,6.178888691552454e-06
57,white,6.178888691552454e-06
2011,decision,6.178888691552454e-06
2222,children,6.178888691552454e-06
254,thursday,6.178888691552454e-06
1402,job,6.178888691552454e-06
2366,big,6.178888691552454e-06
694,remember,6.178888691552454e-06
895,place,6.178888691552454e-06
1662,future,6.178888691552454e-06
1290,line,6.178888691552454e-06
1053,none,6.178888691552454e-06
1765,far,6.178888691552454e-06
31,working,6.178888691552454e-06
433,someone,6.178888691552454e-06
582,run,6.0384109992302924e-06
2514,annual,6.0384109992302924e-06
2465,arrived,3.0192054996151462e-06
2529,always,3.0192054996151462e-06
